task,head,run_tag,context_length,k,split,context_length_min,total_compute_min,n_subjects,n_segments,seg_accuracy,seg_balanced_accuracy,seg_macro_f1,seg_auroc,mean_prob_accuracy,mean_prob_balanced_accuracy,mean_prob_macro_f1,mean_prob_auroc,majority_accuracy,majority_balanced_accuracy,majority_macro_f1,majority_auroc,mean_prob_auroc_ci_lo,mean_prob_auroc_ci_hi,mean_prob_bal_acc_ci_lo,mean_prob_bal_acc_ci_hi
sex_binary,lstm,,30s,1,test,0.5,0.5,1431,1431,0.5932914046121593,0.5916847338150368,0.5917120950662798,0.6391849984513873,0.5932914046121593,0.5916847338150368,0.5917120950662798,0.6391849984513873,0.5932914046121593,0.5916847338150368,0.5917120950662798,0.6391849984513873,,,,
sex_binary,lstm,,30s,10,test,0.5,5.0,1431,14310,0.6470999301187981,0.6471667248213215,0.6466078223982379,0.7078207882634758,0.713487071977638,0.7129724738990149,0.7127395183780905,0.7908627929132347,0.6974143955276031,0.7003836246946881,0.6973931159977671,0.7908627929132347,,,,
sex_binary,lstm,,30s,100,test,0.5,50.0,1431,143100,0.6578266946191474,0.6575419889676046,0.6571674748690223,0.7199365028600329,0.7309573724668065,0.7305462878380975,0.7302745502372738,0.8087816142425323,0.7274633123689728,0.7265816432545175,0.726543359897142,0.8087816142425323,,,,
sex_binary,lstm,,30s,12,test,0.5,6.0,1431,17172,0.6508851618914512,0.6509160664975608,0.6503764856257965,0.7104283847207029,0.7176799440950384,0.7171801918711554,0.7169433303042647,0.7929916453324029,0.713487071977638,0.7149719485468524,0.7133995982680192,0.7929916453324029,,,,
sex_binary,lstm,,30s,120,test,0.5,60.0,1431,171720,0.6572792918704868,0.6570273611116557,0.6566364709062705,0.7192148946676538,0.7281621243885394,0.7279910768543167,0.7275826378030787,0.8079014533436313,0.7344514325646401,0.7339277523160581,0.7337199873074076,0.8079014533436313,,,,
sex_binary,lstm,,30s,16,test,0.5,8.0,1431,22896,0.6491526904262753,0.6490169127131302,0.6485666237964608,0.7117724828182399,0.7169811320754716,0.716770495595275,0.7163778105661873,0.797398330634696,0.7148846960167715,0.7162078983169129,0.7147675532018838,0.797398330634696,,,,
sex_binary,lstm,,30s,160,test,0.5,80.0,1431,228960,0.6574074074074074,0.6572326462262856,0.6568025509206332,0.7198234675686928,0.7274633123689728,0.7271648233601368,0.7268281938325991,0.8087228061646548,0.7323549965059399,0.7320321719391376,0.7317130240383463,0.8087228061646548,,,,
sex_binary,lstm,,30s,2,test,0.5,1.0,1431,2862,0.5828092243186582,0.5848311424057209,0.5828090205883502,0.6244628862220515,0.6240391334730957,0.6252072984745185,0.6239243508980351,0.6661230186578428,0.5639412997903563,0.5789763081856925,0.5420311499893322,0.6661230186578428,,,,
sex_binary,lstm,,30s,20,test,0.5,10.0,1431,28620,0.657058001397624,0.6569871837595612,0.6565024361777947,0.7170626222717953,0.7302585604472397,0.7298033457875774,0.7295547660827876,0.8025165936793077,0.7337526205450734,0.7344344819204366,0.7334772162325329,0.8025165936793077,,,,
sex_binary,lstm,,30s,200,test,0.5,100.0,1431,286200,0.6578057302585605,0.6575717703583763,0.6571719029152219,0.7197373734646191,0.7232704402515723,0.7232070397189758,0.7227330374128091,0.8082445004645837,0.7302585604472397,0.7298866572312372,0.7295928957468474,0.8082445004645837,,,,
sex_binary,lstm,,30s,25,test,0.5,12.5,1431,35775,0.6527463312368973,0.6525281984733422,0.6521199860606852,0.7129850729416193,0.7211740041928721,0.720728279236436,0.7204663520640837,0.8003367742593123,0.7274633123689728,0.7272481348037967,0.7268645584141514,0.8003367742593123,,,,
sex_binary,lstm,,30s,250,test,0.5,125.0,1431,357750,0.657727463312369,0.6575196360172033,0.6571065120662213,0.7192152754531163,0.7295597484276729,0.7288937808497375,0.7287538626335115,0.8080719967694764,0.7351502445842069,0.7344207600355985,0.7343198973625928,0.8080719967694764,,,,
sex_binary,lstm,,30s,3,test,0.5,1.5,1431,4293,0.6116934544607501,0.6128317919082699,0.6115780439312644,0.6617557565484973,0.6680642907058001,0.6689301242418659,0.6678540800844384,0.7243979032959966,0.6450034940600978,0.646079265447902,0.644857639770973,0.7243979032959966,,,,
sex_binary,lstm,,30s,30,test,0.5,15.0,1431,42930,0.6528068949452597,0.652867514548465,0.6523111766094325,0.7160058076244019,0.7323549965059399,0.7322821062701173,0.7318185710476032,0.804802267639483,0.726764500349406,0.7274216186335356,0.7264818675772189,0.804802267639483,,,,
sex_binary,lstm,,30s,320,test,0.5,160.0,1431,457920,0.6580996680642907,0.6578931221992652,0.6574793742147886,0.7194949398405615,0.7274633123689728,0.7272481348037967,0.7268645584141514,0.8081327651166165,0.7323549965059399,0.7317822376081579,0.7315979304451306,0.8081327651166165,,,,
sex_binary,lstm,,30s,4,test,0.5,2.0,1431,5724,0.6207197763801537,0.6210118321852689,0.6203317088944695,0.6782487542488836,0.6862334032145353,0.68608052002023,0.6856433015626369,0.7480799162572971,0.6540880503144654,0.6612360673862161,0.6518000004915684,0.7480799162572971,,,,
sex_binary,lstm,,30s,40,test,0.5,20.0,1431,57240,0.6554157931516422,0.6552183592938325,0.6547997879254643,0.7175508493846714,0.7344514325646401,0.7345109324216774,0.7339680241091173,0.8060725221216385,0.7281621243885394,0.7281576997416366,0.7276508781912376,0.8060725221216385,,,,
sex_binary,lstm,,30s,400,test,0.5,200.0,1431,572400,0.6582302585604473,0.6579972811065329,0.6575969598361247,0.7202081322689237,0.7295597484276729,0.7290604037370574,0.7288346141699127,0.8092383569807149,0.7323549965059399,0.7318655490518178,0.7316373571759083,0.8092383569807149,,,,
sex_binary,lstm,,30s,5,test,0.5,2.5,1431,7155,0.63382250174703,0.634258841794509,0.6334853763283103,0.6899827104251041,0.6834381551362684,0.6832753747054696,0.6828427964540634,0.7639894615924443,0.6729559748427673,0.6732142927152474,0.6725400457665904,0.7639894615924443,,,,
sex_binary,lstm,,30s,50,test,0.5,25.0,1431,71550,0.6563941299790357,0.6562747238960743,0.6558157732225927,0.718345132455394,0.7288609364081062,0.7284007731301971,0.7281534954407295,0.8067409739401805,0.7323549965059399,0.7324487291574371,0.7318836432159698,0.8067409739401805,,,,
sex_binary,lstm,,30s,500,test,0.5,250.0,1431,715500,0.6583088749126484,0.6581266000697856,0.6577004282223525,0.7200853199394669,0.7295597484276729,0.7291437151807172,0.7288733790696752,0.8095245562930524,0.7344514325646401,0.734011063759718,0.7337585780089619,0.8095245562930524,,,,
sex_binary,lstm,,30s,6,test,0.5,3.0,1431,8586,0.6335895644071745,0.6340417419736775,0.633258419716977,0.6942642902540204,0.7009084556254368,0.7017656145248111,0.7006861365235749,0.7699624020355436,0.6778476589797344,0.6827470821392025,0.6772803120693527,0.7699624020355436,,,,
sex_binary,lstm,,30s,60,test,0.5,30.0,1431,85860,0.6572094106685301,0.6569995824626471,0.6565874377209517,0.718437191393721,0.7323549965059399,0.7319488604954776,0.7316757214048724,0.8051159107214967,0.7330538085255066,0.7331916712079571,0.7325992525485745,0.8051159107214967,,,,
sex_binary,lstm,,30s,8,test,0.5,4.0,1431,11448,0.6473619846261356,0.6476286132663183,0.6469543502271408,0.7078519749222754,0.7148846960167715,0.7147916037746945,0.7143310082435004,0.7903413612893866,0.7051013277428372,0.7085559872504088,0.7050251266099787,0.7903413612893866,,,,
sex_binary,lstm,,30s,80,test,0.5,40.0,1431,114480,0.6585255066387142,0.658349497386961,0.6579201082494981,0.7198610826089322,0.7316561844863732,0.7308726726703181,0.7307936507936508,0.8085463819310219,0.7393431167016072,0.7388784123387189,0.7386442146908977,0.8085463819310219,,,,
sex_binary,lstm,,30s,all,test,0.5,,1431,1519402,0.6577574598427539,0.6574371528539891,0.6569036458068069,0.7196167880227499,0.7274633123689728,0.726914889029157,0.7267126185523394,0.8093971387909843,0.7344514325646401,0.734011063759718,0.7337585780089619,0.8093971387909843,,,,
sex_binary,lstm,,10m,1,test,10.0,10.0,1431,1431,0.6484975541579315,0.6452118462992077,0.6453881037833684,0.7098095794438324,0.6484975541579315,0.6452118462992077,0.6453881037833684,0.7098095794438324,0.6484975541579315,0.6452118462992077,0.6453881037833684,0.7098095794438324,,,,
sex_binary,lstm,,10m,10,test,10.0,100.0,1431,14310,0.7104821802935011,0.7097694919374125,0.709630502879937,0.7880365845052477,0.782669461914745,0.7825247876048254,0.7821481735663856,0.8613972015196006,0.7756813417190775,0.7770948417474625,0.7755691131786839,0.8613972015196006,,,,
sex_binary,lstm,,10m,12,test,10.0,120.0,1431,17172,0.7127882599580713,0.7123336711530697,0.7120694392513642,0.7878615185748581,0.7833682739343116,0.7832677296553454,0.782863436123348,0.8602269207698368,0.7910552061495457,0.7931063210842642,0.7910221413406127,0.8602269207698368,,,,
sex_binary,lstm,,10m,16,test,10.0,160.0,1431,22896,0.7140111809923131,0.7134203341671013,0.7132260645375466,0.7891577223766206,0.7896575821104123,0.7892877165607468,0.7890626033002202,0.860953200531625,0.7840670859538784,0.7851770319171041,0.7838982367467663,0.860953200531625,,,,
sex_binary,lstm,,10m,2,test,10.0,20.0,1431,2862,0.6481481481481481,0.6467981941999553,0.646827693528972,0.7108681248456287,0.689727463312369,0.6877957556249927,0.6880479355203619,0.7588457150474188,0.6457023060796646,0.6559031548573512,0.6393443030411188,0.7588457150474188,,,,
sex_binary,lstm,,10m,20,test,10.0,200.0,1431,28620,0.7150244584206848,0.7143195219295322,0.7141817978888044,0.7919056782139595,0.7875611460517121,0.7869755789655267,0.786878306878307,0.8642219495269872,0.7805730258560447,0.7808791415588845,0.780199385602755,0.8642219495269872,,,,
sex_binary,lstm,,10m,25,test,10.0,250.0,1431,35775,0.7154437456324249,0.715002724774275,0.7147335666287867,0.792982141947018,0.7875611460517121,0.787642070514806,0.7871219298314294,0.8652099252353302,0.7784765897973445,0.7784003810763447,0.7779752410141856,0.8652099252353302,,,,
sex_binary,lstm,,10m,3,test,10.0,30.0,1431,4293,0.6783135336594456,0.6776049691518959,0.6774353384850753,0.748809354230675,0.7379454926624738,0.7369759710193793,0.7369955865739708,0.8170559107999075,0.7246680642907058,0.7239431208270768,0.723826364669462,0.8170559107999075,,,,
sex_binary,lstm,,10m,30,test,10.0,300.0,1431,42917,0.7166623948551856,0.7161569545593424,0.7159206437086605,0.793251582144164,0.7889587700908456,0.7891279546158461,0.7885489325723949,0.865533369663657,0.7868623340321453,0.7873156856825854,0.7865354282570154,0.865533369663657,,,,
sex_binary,lstm,,10m,4,test,10.0,40.0,1431,5724,0.6888539482879106,0.6876793646375265,0.687706262576865,0.7643015119556823,0.7575122292103424,0.755945496673423,0.7562739372628361,0.8375799299791822,0.7407407407407407,0.7450297372847134,0.7405380124046934,0.8375799299791822,,,,
sex_binary,lstm,,10m,40,test,10.0,400.0,1431,57106,0.7167022729660631,0.7161829192907249,0.7159493909842722,0.7941750797029102,0.7889587700908456,0.7889613317285262,0.7884951195924967,0.8655451312792326,0.7854647099930119,0.7861630473561849,0.7852024753808927,0.8655451312792326,,,,
sex_binary,lstm,,10m,5,test,10.0,50.0,1431,7155,0.6988120195667366,0.6982371298521565,0.6980218534369783,0.7730713106752344,0.7658979734451432,0.7656939157162628,0.7653364570570391,0.8465991288563397,0.756114605171209,0.7557092842272815,0.7554606727268721,0.8465991288563397,,,,
sex_binary,lstm,,10m,50,test,10.0,500.0,1431,69710,0.7172285181466074,0.7167281987335552,0.7164331123791385,0.7945024349105325,0.7924528301886793,0.7926760419811265,0.7920624956884257,0.8654353562005277,0.7882599580712788,0.7888015697836255,0.7879580114874233,0.8654353562005277,,,,
sex_binary,lstm,,10m,6,test,10.0,60.0,1431,8586,0.704635453063126,0.7043533333071964,0.7039930017913687,0.7775675388993654,0.7756813417190775,0.7751786785432847,0.7750128938122924,0.8501472162216202,0.7693920335429769,0.7726577722715993,0.7693730000898616,0.8501472162216202,,,,
sex_binary,lstm,,10m,60,test,10.0,600.0,1431,74171,0.7165334160251311,0.7159627906435297,0.7156388990644775,0.7939924544717007,0.7889587700908456,0.7892945775031658,0.7885994090829045,0.865556892894808,0.7868623340321453,0.7874823085699052,0.7865805207385417,0.865556892894808,,,,
sex_binary,lstm,,10m,8,test,10.0,80.0,1431,11448,0.7074598183088749,0.7071477788188986,0.7068050437695695,0.7847670599783587,0.782669461914745,0.7829413448231248,0.7822867181205394,0.8573453249538355,0.7651991614255765,0.7677835627501794,0.7651981294609894,0.8573453249538355,,,,
sex_binary,lstm,,10m,80,test,10.0,800.0,1431,75257,0.7161061429501575,0.7154676213071166,0.7151297101959961,0.7935949070647159,0.7882599580712788,0.7885516354526457,0.7878870597766028,0.8656353036653114,0.7875611460517121,0.7881419391767653,0.7872693344391457,0.8656353036653114,,,,
sex_binary,lstm,,10m,all,test,10.0,,1431,75259,0.7161003999521652,0.7154617365413767,0.715124444208567,0.7935865858869855,0.7882599580712788,0.7885516354526457,0.7878870597766028,0.8656353036653114,0.7875611460517121,0.7881419391767653,0.7872693344391457,0.8656353036653114,,,,
sex_binary,lstm,,40m,1,test,40.0,40.0,1431,1431,0.6883298392732355,0.6853101342000337,0.6856958534423323,0.7608491102337817,0.6883298392732355,0.6853101342000337,0.6856958534423323,0.7608491102337817,0.6883298392732355,0.6853101342000337,0.6856958534423323,0.7608491102337817,,,,
sex_binary,lstm,,40m,10,test,40.0,400.0,1431,14261,0.7418834583830026,0.7414155007464353,0.7411790161337308,0.8230355720549283,0.7910552061495457,0.7911901578800864,0.7906364301389905,0.8763109300693545,0.7868623340321453,0.7881488001191843,0.7867273566857973,0.8763109300693545,,,,
sex_binary,lstm,,40m,12,test,40.0,480.0,1431,16754,0.7451951772710994,0.7448175857955415,0.7444854360256091,0.8256432998909391,0.7959468902865129,0.7958908835717674,0.7954713656387665,0.8781849474843864,0.7959468902865129,0.7964740636773867,0.7956450123634542,0.8781849474843864,,,,
sex_binary,lstm,,40m,16,test,40.0,640.0,1431,18280,0.7441466083150985,0.7437167718013531,0.7432915559929334,0.8250090622428287,0.7938504542278128,0.793828680307527,0.7933838993665134,0.8785123124512384,0.7966457023060797,0.7966338256222875,0.7961854736123911,0.8785123124512384,,,,
sex_binary,lstm,,40m,2,test,40.0,80.0,1431,2862,0.6911250873515025,0.6900314427189719,0.6900314427189719,0.7701221639804444,0.7253668763102725,0.7240195713283176,0.7241767107667031,0.8122630524528849,0.6890286512928022,0.6977166783629399,0.6855738593692369,0.8122630524528849,,,,
sex_binary,lstm,,40m,20,test,40.0,800.0,1431,18347,0.7436638142475609,0.7432149799227068,0.7427889775161505,0.824579007103913,0.7938504542278128,0.793828680307527,0.7933838993665134,0.87843782221926,0.7966457023060797,0.7966338256222875,0.7961854736123911,0.87843782221926,,,,
sex_binary,lstm,,40m,3,test,40.0,120.0,1431,4293,0.7141858839972047,0.7132988587312353,0.7132442968941768,0.7961999526921684,0.7672955974842768,0.7659301281624045,0.7661990710234786,0.8520604390219041,0.7645003494060097,0.7632082942913039,0.7634356857464515,0.8520604390219041,,,,
sex_binary,lstm,,40m,4,test,40.0,160.0,1431,5724,0.7222222222222222,0.7213844793720865,0.721318272148546,0.8039034841825874,0.777078965758211,0.7766645626443248,0.7764484068198346,0.8590782029819617,0.76659678546471,0.7701858727314784,0.76654650958326,0.8590782029819617,,,,
sex_binary,lstm,,40m,5,test,40.0,200.0,1431,7155,0.7316561844863732,0.7309726464027099,0.7308441590502242,0.8135498516076167,0.7861635220125787,0.7853230719771668,0.7853702004517222,0.870253698047964,0.7833682739343116,0.7826845495497261,0.7826370296618308,0.870253698047964,,,,
sex_binary,lstm,,40m,6,test,40.0,240.0,1431,8586,0.7372466806429071,0.7366773566683786,0.7364968988009626,0.8185623505022428,0.7889587700908456,0.7886280859538866,0.7883774635969396,0.8737155335656905,0.7777777777777778,0.7797402251173221,0.7777385952915894,0.8737155335656905,,,,
sex_binary,lstm,,40m,8,test,40.0,320.0,1431,11442,0.7396434189826954,0.7391908764329929,0.7389469531086994,0.8208661826553126,0.7952480782669462,0.7948980071902676,0.7946689128470581,0.8755934715192478,0.793151642208246,0.794751967130205,0.7930666562445039,0.8755934715192478,,,,
sex_binary,lstm,,40m,all,test,40.0,,1431,18347,0.7436638142475609,0.7432149799227068,0.7427889775161505,0.824579007103913,0.7938504542278128,0.793828680307527,0.7933838993665134,0.87843782221926,0.7966457023060797,0.7966338256222875,0.7961854736123911,0.87843782221926,,,,
sex_binary,transformer,,30s,1,test,0.5,0.5,1431,1431,0.593990216631726,0.5910113813233386,0.5910175578748739,0.6280114636546476,0.593990216631726,0.5910113813233386,0.5910175578748739,0.6280114636546476,0.593990216631726,0.5910113813233386,0.5910175578748739,0.6280114636546476,,,,
sex_binary,transformer,,30s,10,test,0.5,5.0,1431,14310,0.6409503843466108,0.6400539858154917,0.6399347693543292,0.6932839900888785,0.7044025157232704,0.7023978013619951,0.7027091538369734,0.7731615614720838,0.7016072676450035,0.701842065026052,0.7011817521621444,0.7731615614720838,,,,
sex_binary,transformer,,30s,100,test,0.5,50.0,1431,143100,0.6461705101327743,0.6449456025279632,0.6449374342029048,0.7026241911929022,0.7085953878406709,0.706355585003156,0.7067341928920539,0.7897140751253593,0.7127882599580713,0.7104799915316368,0.7108884852566355,0.7897140751253593,,,,
sex_binary,transformer,,30s,12,test,0.5,6.0,1431,17172,0.641043559282553,0.6400155808735222,0.6399415672928255,0.6973773816182502,0.7051013277428372,0.7028908090815355,0.703250921870946,0.7777348696616968,0.6953179594689028,0.6954055209023511,0.6948337794055501,0.7777348696616968,,,,
sex_binary,transformer,,30s,120,test,0.5,60.0,1431,171720,0.6446191474493361,0.6434087416247496,0.6433947721146,0.7018678646198843,0.7099930118798043,0.708091403435176,0.7083929733246583,0.7888554771883466,0.7037037037037037,0.7013216135368354,0.7017096739938409,0.7888554771883466,,,,
sex_binary,transformer,,30s,16,test,0.5,8.0,1431,22896,0.6412037037037037,0.6399254901653291,0.6399276697572014,0.6960828360477345,0.7023060796645703,0.7004189095414146,0.7006946408371041,0.7787375473895094,0.7037037037037037,0.7029878424100334,0.702843328932057,0.7787375473895094,,,,
sex_binary,transformer,,30s,160,test,0.5,80.0,1431,228960,0.6460910202655485,0.6449324282933504,0.6449041438250565,0.7031975312261705,0.7113906359189378,0.7092440417615764,0.7096118006089769,0.7906863686796017,0.7127882599580713,0.7107299258626165,0.7110810689992095,0.7906863686796017,,,,
sex_binary,transformer,,30s,2,test,0.5,1.0,1431,2862,0.5859538784067087,0.5864664970380331,0.5856693469204204,0.6209941897619057,0.6044723969252271,0.6035718066233577,0.6034404082975591,0.6574958736332022,0.5800139762403913,0.5931480748195572,0.5649828907868215,0.6574958736332022,,,,
sex_binary,transformer,,30s,20,test,0.5,10.0,1431,28620,0.6461914744933613,0.6450845268106027,0.6450401036196449,0.7025241554179882,0.7113906359189378,0.7094106646488962,0.7097373062285343,0.7859934840649712,0.7085953878406709,0.7081884367636738,0.7078964256501055,0.7859934840649712,,,,
sex_binary,transformer,,30s,200,test,0.5,100.0,1431,286200,0.6465618448637317,0.6453479036880506,0.6453368655012406,0.7029971710619171,0.710691823899371,0.708751034042036,0.7090652120107331,0.7896101808544422,0.713487071977638,0.7114728679131366,0.711815038214433,0.7896101808544422,,,,
sex_binary,transformer,,30s,25,test,0.5,12.5,1431,35775,0.6436897274633123,0.6424164631253748,0.6424197716417844,0.6972427025056162,0.7016072676450035,0.6994260331599149,0.69976813283301,0.7821807603492416,0.7064989517819706,0.7041267588515958,0.7045237336731442,0.7821807603492416,,,,
sex_binary,transformer,,30s,250,test,0.5,125.0,1431,357750,0.6460153738644304,0.6448143272159863,0.6447989009731478,0.7021022352087883,0.7064989517819706,0.7045433160698953,0.70484876580799,0.7892906569646406,0.710691823899371,0.7086677225983762,0.7090034776116471,0.7892906569646406,,,,
sex_binary,transformer,,30s,3,test,0.5,1.5,1431,4293,0.6037735849056604,0.6035508970845569,0.6031512831213216,0.6504314988262343,0.6512928022361985,0.6501830891491256,0.6501440199271252,0.7062987371945411,0.6373165618448637,0.636407296906303,0.6362906681488845,0.7062987371945411,,,,
sex_binary,transformer,,30s,30,test,0.5,15.0,1431,42930,0.6416491963661775,0.6406969541336198,0.6405977589329541,0.6987296714632277,0.7120894479385046,0.7098203609247766,0.710217956330092,0.7856171123665547,0.7092941998602376,0.708014952933935,0.7081138329378076,0.7856171123665547,,,,
sex_binary,transformer,,30s,320,test,0.5,160.0,1431,457920,0.6451912997903564,0.644008173587724,0.643986567949534,0.7022813785488683,0.7120894479385046,0.7103202295867361,0.7105900786981041,0.7889064441891738,0.7051013277428372,0.7030574319688552,0.703380356406075,0.7889064441891738,,,,
sex_binary,transformer,,30s,4,test,0.5,2.0,1431,5724,0.6212438853948288,0.6203610227900904,0.6202283226875779,0.6679474780155803,0.6701607267645003,0.6679931155343498,0.6682358488712498,0.7322566227697036,0.6610761705101328,0.6659995216943,0.6604387555854763,0.7322566227697036,,,,
sex_binary,transformer,,30s,40,test,0.5,20.0,1431,57240,0.6439902166317261,0.6427275970627325,0.6427281911695972,0.7004690091230932,0.7064989517819706,0.7047932504008751,0.7050295451422289,0.7857406093300976,0.710691823899371,0.7092509027039955,0.709411125324711,0.7857406093300976,,,,
sex_binary,transformer,,30s,400,test,0.5,200.0,1431,572400,0.6465653389238295,0.6453312070946065,0.6453261526168759,0.7033311317100016,0.7092941998602376,0.707181838497336,0.707534488857446,0.7903707653283256,0.713487071977638,0.7114728679131366,0.711815038214433,0.7903707653283256,,,,
sex_binary,transformer,,30s,5,test,0.5,2.5,1431,7155,0.6280922431865829,0.6273002779661814,0.627137808503581,0.6749859840747724,0.6708595387840671,0.6689026804721896,0.6691118316891227,0.743436038374231,0.676450034940601,0.6745129711017106,0.6747320128918552,0.743436038374231,,,,
sex_binary,transformer,,30s,50,test,0.5,25.0,1431,71550,0.6441090146750524,0.6429871955211768,0.6429457288847731,0.701789518048199,0.7044025157232704,0.7023978013619951,0.7027091538369734,0.788361489334175,0.7051013277428372,0.703307366299835,0.7035655660451454,0.788361489334175,,,,
sex_binary,transformer,,30s,500,test,0.5,250.0,1431,715500,0.6462697414395527,0.6450627639012494,0.645049360447876,0.7029821509524948,0.7120894479385046,0.7100702952557564,0.7104092579130401,0.7903707653283256,0.716282320055905,0.714278013227897,0.7146265988172191,0.7903707653283256,,,,
sex_binary,transformer,,30s,6,test,0.5,3.0,1431,8586,0.627183787561146,0.6262872434824314,0.626161448394909,0.6802918176618518,0.6722571628232006,0.6703052531295699,0.6705168769898058,0.7522650911329181,0.6715583508036338,0.6743943748113241,0.6715389423922173,0.7522650911329181,,,,
sex_binary,transformer,,30s,60,test,0.5,30.0,1431,85860,0.6443862101094805,0.6432305204776261,0.6431998155276992,0.7009275272662565,0.705800139762404,0.7038836854630353,0.7041769681197136,0.785554383750152,0.7127882599580713,0.7108965487499364,0.7112036434612883,0.785554383750152,,,,
sex_binary,transformer,,30s,8,test,0.5,4.0,1431,11448,0.6360936408106219,0.6352633572747552,0.6351178949069303,0.6955286196862001,0.6988120195667366,0.6971207565071138,0.6973339856833063,0.7742730341439701,0.6848357791754018,0.6860109304614082,0.6846972022037647,0.7742730341439701,,,,
sex_binary,transformer,,30s,80,test,0.5,40.0,1431,114480,0.6460342417889587,0.6448798746995887,0.6448502322194181,0.7034255954991727,0.7078965758211041,0.7059458887272756,0.7062542478755711,0.7904472158295663,0.7148846960167715,0.7127921291268569,0.7131588256101875,0.7904472158295663,,,,
sex_binary,transformer,,30s,all,test,0.5,,1431,1519402,0.6458771279753482,0.6443394486706882,0.6442956097939747,0.7027411552667271,0.7099930118798043,0.7079247805478561,0.7082692059237761,0.7904864212148179,0.7120894479385046,0.7099036723684365,0.7102828905469899,0.7904864212148179,,,,
sex_binary,transformer,,10m,1,test,10.0,10.0,1431,1431,0.639412997903564,0.637219828515645,0.6373856265641022,0.6951506858982149,0.639412997903564,0.637219828515645,0.6373856265641022,0.6951506858982149,0.639412997903564,0.637219828515645,0.6373856265641022,0.6951506858982149,,,,
sex_binary,transformer,,10m,10,test,10.0,100.0,1431,14310,0.6996505939902167,0.6994452437986882,0.6990410574867763,0.7739001321221483,0.7638015373864431,0.7637983353393422,0.7633131982994182,0.8433019559566702,0.7638015373864431,0.7654645642125402,0.7637294249136355,0.8433019559566702,,,,
sex_binary,transformer,,10m,12,test,10.0,120.0,1431,17172,0.7031795946890287,0.7031526683838625,0.7026495617785238,0.775710469645666,0.7672955974842768,0.7674297341482826,0.7668579497112652,0.8449309397138791,0.7658979734451432,0.7676933903641004,0.7658426290140514,0.8449309397138791,,,,
sex_binary,transformer,,10m,16,test,10.0,160.0,1431,22896,0.7055380852550663,0.7053806573370918,0.7049525230792689,0.777623030940155,0.7735849056603774,0.7733664096100241,0.7730261611968356,0.846573645355926,0.7672955974842768,0.7680129142539018,0.7670334795598245,0.846573645355926,,,,
sex_binary,transformer,,10m,2,test,10.0,20.0,1431,2862,0.639412997903564,0.639719171825442,0.639023598520106,0.6964030529233496,0.6708595387840671,0.670318975014408,0.6700700635040759,0.7407622311000639,0.6310272536687631,0.6428007151062269,0.6213299119940661,0.7407622311000639,,,,
sex_binary,transformer,,10m,20,test,10.0,200.0,1431,28620,0.706219426974144,0.7062122893200611,0.7056985848932549,0.779845817471488,0.7721872816212438,0.7721304598399636,0.7716867847256753,0.8488828425472523,0.7693920335429769,0.770325051849122,0.7691836208008946,0.8488828425472523,,,,
sex_binary,transformer,,10m,25,test,10.0,250.0,1431,35775,0.7078406708595388,0.7078959253843108,0.7073458811013262,0.781961925298059,0.7756813417190775,0.7758451700925639,0.7752594650369853,0.8500492027584909,0.7756813417190775,0.775761858648904,0.7752317527579129,0.8500492027584909,,,,
sex_binary,transformer,,10m,3,test,10.0,30.0,1431,4293,0.6682972280456557,0.6686501324488598,0.6679183852265631,0.7338628456226969,0.7225716282320056,0.7227140319994354,0.7221151273456183,0.7996663621715079,0.7197763801537387,0.7198255752410151,0.7192828744898274,0.7996663621715079,,,,
sex_binary,transformer,,10m,30,test,10.0,300.0,1431,42917,0.7083673136519328,0.7082997962438882,0.7078202785865457,0.7819847383095773,0.7742837176799441,0.7746925317661634,0.7739375191049703,0.8501628983757208,0.7742837176799441,0.7750257775408029,0.7740294711646346,0.8501628983757208,,,,
sex_binary,transformer,,10m,4,test,10.0,40.0,1431,5724,0.6822152341020266,0.6818294310906546,0.6815118401960858,0.7502082786091498,0.7379454926624738,0.7369759710193793,0.7369955865739708,0.8207490580906194,0.7274633123689728,0.7324134443107105,0.7270302155233132,0.8207490580906194,,,,
sex_binary,transformer,,10m,40,test,10.0,400.0,1431,57106,0.7084894757118342,0.7084541593432967,0.7079514808238654,0.7826874870686716,0.7742837176799441,0.7747758432098233,0.7739618406285073,0.8503020774933645,0.7693920335429769,0.7699918060744824,0.7690987502200317,0.8503020774933645,,,,
sex_binary,transformer,,10m,5,test,10.0,50.0,1431,7155,0.6884696016771489,0.688541246025554,0.6879780121713361,0.7600756271881506,0.7477288609364081,0.7482935856069189,0.7474205003664569,0.8317187248840501,0.7456324248777079,0.7457315136807192,0.7451693704624176,0.8317187248840501,,,,
sex_binary,transformer,,10m,50,test,10.0,500.0,1431,69710,0.7091808922679673,0.7091667667072687,0.708597536087269,0.7835429217725316,0.7721872816212438,0.7724637056146032,0.7717993621226056,0.8508195885786872,0.7693920335429769,0.7698251831871625,0.7690508701367805,0.8508195885786872,,,,
sex_binary,transformer,,10m,6,test,10.0,60.0,1431,8586,0.6933379920801305,0.6935226822756373,0.6928925368035825,0.7655454525455839,0.7651991614255765,0.7654508423277022,0.7647993425558142,0.8357666809112899,0.7589098532494759,0.7626800017250369,0.7588302390960806,0.8357666809112899,,,,
sex_binary,transformer,,10m,60,test,10.0,600.0,1431,74171,0.7079047066912945,0.7078114692500468,0.7072203331450271,0.7823987117307347,0.7735849056603774,0.7738662782719834,0.7731993660359637,0.8507333367311334,0.7714884696016772,0.771887386451403,0.7711379837378493,0.8507333367311334,,,,
sex_binary,transformer,,10m,8,test,10.0,80.0,1431,11448,0.7000349406009784,0.7002849986474142,0.6996150787416736,0.7726978352746533,0.7714884696016772,0.7719706978950629,0.7711626064567241,0.8427687627172468,0.7672955974842768,0.7702623232327193,0.767291506427865,0.8427687627172468,,,,
sex_binary,transformer,,10m,80,test,10.0,800.0,1431,75257,0.7076551018509906,0.7075004200645629,0.706893568827863,0.7819342522283788,0.7742837176799441,0.7746092203225035,0.7739123076388783,0.8507843037319607,0.7714884696016772,0.771887386451403,0.7711379837378493,0.8507843037319607,,,,
sex_binary,transformer,,10m,all,test,10.0,,1431,75259,0.7076495834385256,0.7074945621791979,0.7068884746348498,0.7819296989506429,0.7742837176799441,0.7746092203225035,0.7739123076388783,0.8507843037319607,0.7714884696016772,0.771887386451403,0.7711379837378493,0.8507843037319607,,,,
sleep_efficiency_binary,lstm,,30s,1,test,0.5,0.5,2021,2021,0.6269173676397823,0.5834260919753469,0.5828303390940409,0.6271566384268134,0.6269173676397823,0.5834260919753469,0.5828303390940409,0.6271566384268134,0.6269173676397823,0.5834260919753469,0.5828303390940409,0.6271566384268134,,,,
sleep_efficiency_binary,lstm,,30s,10,test,0.5,5.0,2021,20210,0.6246907471548738,0.6151659864366252,0.6121292619357878,0.6546973027848206,0.636318654131618,0.6380593861439201,0.6296095432515546,0.6879650815245398,0.6185056902523504,0.6269824583101437,0.6145004768672973,0.6879650815245398,,,,
sleep_efficiency_binary,lstm,,30s,100,test,0.5,50.0,2021,202100,0.6254131618010885,0.6178947910869252,0.6140511533229926,0.660197532310927,0.6432459178624443,0.6474414074577948,0.637520351747856,0.6965772061097026,0.6284017812963879,0.6373971925051016,0.6245004644971988,0.6965772061097026,,,,
sleep_efficiency_binary,lstm,,30s,12,test,0.5,6.0,2021,24252,0.624113475177305,0.615259569599901,0.6119599906090207,0.6573376093922133,0.640771895101435,0.6428622224970626,0.6341944652206433,0.6909714921773545,0.6224641266699653,0.6323104116422402,0.6188795175511768,0.6909714921773545,,,,
sleep_efficiency_binary,lstm,,30s,120,test,0.5,60.0,2021,242520,0.625164934850734,0.6175485308061757,0.6137459036556372,0.6595475707971747,0.640771895101435,0.644721517943644,0.6349604022076839,0.6958768783625008,0.6269173676397823,0.6366484241337373,0.6232647026829244,0.6958768783625008,,,,
sleep_efficiency_binary,lstm,,30s,16,test,0.5,8.0,2021,32336,0.6242887184562098,0.6157320911405191,0.6123140703708339,0.6603124400128573,0.648688767936665,0.6523560695071424,0.6427301609433511,0.6970605816997505,0.6204849084611579,0.6304598767340712,0.6169553511968083,0.6970605816997505,,,,
sleep_efficiency_binary,lstm,,30s,160,test,0.5,80.0,2021,323360,0.6252597723899059,0.6176691589110135,0.6138557577885526,0.6597604900603317,0.6402770905492331,0.6440845752684847,0.6344111144702351,0.6964112712056563,0.6284017812963879,0.6373971925051016,0.6245004644971988,0.6964112712056563,,,,
sleep_efficiency_binary,lstm,,30s,2,test,0.5,1.0,2021,4042,0.6125680356259278,0.5900552429245769,0.5904164081602862,0.6222254859522189,0.6254329539831767,0.6063833405478944,0.6062573268734599,0.6328458351369736,0.5987135081642752,0.6098715808133902,0.5957167505515932,0.6328458351369736,,,,
sleep_efficiency_binary,lstm,,30s,20,test,0.5,10.0,2021,40420,0.6250618505690252,0.6163293086389215,0.6129821421157609,0.6590674059015109,0.6368134586838199,0.6403232123348381,0.6308438798404934,0.6945849566095686,0.6234537357743691,0.6331194731309133,0.6198044762272272,0.6945849566095686,,,,
sleep_efficiency_binary,lstm,,30s,200,test,0.5,100.0,2021,404200,0.6251632855022267,0.6175103838146476,0.6137229727953863,0.6598567393018367,0.6382978723404256,0.6422340403603157,0.6324928947679371,0.6965782367612805,0.6313706086095993,0.6407540246944118,0.6275760142969335,0.6965782367612805,,,,
sleep_efficiency_binary,lstm,,30s,25,test,0.5,12.5,2021,50525,0.6243443839683325,0.6163144724094572,0.612682838521745,0.6592322239399748,0.6427511133102425,0.6458748170593449,0.6365969727580099,0.69507657741224,0.6333498268184067,0.6400480283635315,0.6286231942460887,0.69507657741224,,,,
sleep_efficiency_binary,lstm,,30s,250,test,0.5,125.0,2021,505250,0.6251914893617021,0.6175248428256344,0.6137431552862608,0.659922795151815,0.6392874814448293,0.6432755137798116,0.633498386163921,0.6967792138189763,0.6303809995051954,0.639015315482448,0.6263466375734128,0.6967792138189763,,,,
sleep_efficiency_binary,lstm,,30s,3,test,0.5,1.5,2021,6063,0.6194952993567541,0.6027685019135764,0.6020339277792979,0.6382723874700251,0.6368134586838199,0.6273081442087688,0.6242885509639641,0.6599334199080659,0.627906976744186,0.6170052357100159,0.6144922066036377,0.6599334199080659,,,,
sleep_efficiency_binary,lstm,,30s,30,test,0.5,15.0,2021,60630,0.6243608774534058,0.6163527473735562,0.6127121830205875,0.6582079872061785,0.640771895101435,0.6442566940819987,0.6347735826512935,0.6949137344629275,0.6293913904007917,0.6393683136478882,0.625799675025221,0.6949137344629275,,,,
sleep_efficiency_binary,lstm,,30s,320,test,0.5,160.0,2021,646720,0.6254283151904998,0.6177219765835962,0.6139568045522038,0.6600367488482468,0.6397822859970311,0.6436800445241482,0.6339547834809833,0.6968389916104961,0.6293913904007917,0.6384386659245975,0.6255004632601889,0.6968389916104961,,,,
sleep_efficiency_binary,lstm,,30s,4,test,0.5,2.0,2021,8084,0.6223404255319149,0.6099558365798858,0.6079459388319497,0.6440683747139941,0.6467095497278575,0.6430683528126482,0.6374488959104668,0.6688516480118731,0.6120732310737259,0.6231180302187043,0.6089365399044346,0.6688516480118731,,,,
sleep_efficiency_binary,lstm,,30s,40,test,0.5,20.0,2021,80840,0.624727857496289,0.616677952301445,0.613054569747316,0.6584390015305176,0.6427511133102425,0.6470368767134582,0.6370633802536643,0.6949127038113494,0.6313706086095993,0.6409864366252345,0.6276508005045952,0.6949127038113494,,,,
sleep_efficiency_binary,lstm,,30s,400,test,0.5,200.0,2021,808400,0.6250680356259277,0.6174557528394451,0.6136514147259973,0.660118087658205,0.6402770905492331,0.6443169871993074,0.6345038775599048,0.6967998268505349,0.6264225630875804,0.6346170098736421,0.6222660890700005,0.6967998268505349,,,,
sleep_efficiency_binary,lstm,,30s,5,test,0.5,2.5,2021,10105,0.6226620484908462,0.6111832910766186,0.6088630151466642,0.6500604786345929,0.640771895101435,0.6375167480881413,0.6317109242280028,0.6793143075052047,0.6269173676397823,0.6252602395234267,0.6186822987253993,0.6793143075052047,,,,
sleep_efficiency_binary,lstm,,30s,50,test,0.5,25.0,2021,101050,0.6245818901533894,0.6164714612578073,0.612872823770485,0.6593103897924267,0.6437407224146462,0.6471487024096634,0.637698191379173,0.6954908993465669,0.6284017812963879,0.6364675447818111,0.6241880630756107,0.6954908993465669,,,,
sleep_efficiency_binary,lstm,,30s,500,test,0.5,250.0,2021,1010500,0.6252449282533399,0.6175866602766269,0.6138014809496348,0.6600969762744006,0.6382978723404256,0.6420016284294932,0.6323996212898787,0.6969307196009318,0.6274121721919842,0.636355719085606,0.6235004657342087,0.6969307196009318,,,,
sleep_efficiency_binary,lstm,,30s,6,test,0.5,3.0,2021,12126,0.6218868546923965,0.6125095335270958,0.6094130059740424,0.6516043380124914,0.6392874814448293,0.6414162183332303,0.6327324088174595,0.682427390596335,0.6140524492825334,0.6272926844350999,0.6115254497924035,0.682427390596335,,,,
sleep_efficiency_binary,lstm,,30s,60,test,0.5,30.0,2021,121260,0.6254576942107868,0.6175051103140738,0.6138418735652145,0.6598793071215734,0.6417615042058387,0.6452981675014944,0.6357797160324192,0.696201018283759,0.6284017812963879,0.6369323686434564,0.6243458163555997,0.696201018283759,,,,
sleep_efficiency_binary,lstm,,30s,8,test,0.5,4.0,2021,16168,0.6192478970806531,0.6099259476841259,0.6068064307481738,0.6503070455986024,0.6333498268184067,0.6351673778162554,0.6266868517609567,0.6808370952115927,0.6130628401781296,0.6243919155690227,0.6100034547428684,0.6808370952115927,,,,
sleep_efficiency_binary,lstm,,30s,80,test,0.5,40.0,2021,161680,0.6261999010390895,0.6183346345309504,0.6146354957408646,0.6595773959750479,0.6402770905492331,0.6440845752684847,0.6344111144702351,0.6964226083730134,0.6293913904007917,0.6386710778554201,0.6255764224273868,0.6964226083730134,,,,
sleep_efficiency_binary,lstm,,30s,all,test,0.5,,2021,2319775,0.6373700035563794,0.6206229534005099,0.617994528478911,0.6643919193178442,0.6412666996536368,0.6453584606188032,0.6355093689558885,0.6969863747861398,0.6293913904007917,0.6375090182013068,0.6251888937997769,0.6969863747861398,,,,
sleep_efficiency_binary,lstm,,10m,1,test,10.0,10.0,2021,2021,0.6254329539831767,0.5471182981881145,0.5174595214327056,0.6293045163152144,0.6254329539831767,0.5471182981881145,0.5174595214327056,0.6293045163152144,0.6254329539831767,0.5471182981881145,0.5174595214327056,0.6293045163152144,,,,
sleep_efficiency_binary,lstm,,10m,10,test,10.0,100.0,2021,20210,0.6448292924294904,0.6130141920722281,0.6147632075801991,0.667364263187187,0.6729341909945572,0.6394079937336383,0.6422364144181927,0.7053975223136065,0.6625432953983177,0.642998268505349,0.6435084027527758,0.7053975223136065,,,,
sleep_efficiency_binary,lstm,,10m,100,test,10.0,1000.0,2021,114856,0.6579456014487707,0.6179100029542088,0.6203696804730655,0.6754681247862442,0.6798614547253835,0.6501844866324491,0.653030822876524,0.7132634551563499,0.6625432953983177,0.6411389730587678,0.6421013764193155,0.7132634551563499,,,,
sleep_efficiency_binary,lstm,,10m,12,test,10.0,120.0,2021,24252,0.6437819561273297,0.6129597564913872,0.6146607731761868,0.6685166003614151,0.6763978228599703,0.641774885082349,0.6447746095496921,0.7092263929256075,0.6561108362196932,0.638204192690619,0.6381719866427645,0.7092263929256075,,,,
sleep_efficiency_binary,lstm,,10m,120,test,10.0,1200.0,2021,114995,0.6580894821513978,0.6179110615043216,0.6203810720800069,0.6755611055022214,0.6798614547253835,0.6501844866324491,0.653030822876524,0.7132778842784407,0.6625432953983177,0.6411389730587678,0.6421013764193155,0.7132778842784407,,,,
sleep_efficiency_binary,lstm,,10m,16,test,10.0,160.0,2021,32336,0.6439881246907472,0.6139853299631026,0.6156658918547107,0.6702767895332179,0.6759030183077684,0.6436944736462391,0.6465950310714879,0.710785768763012,0.661058881741712,0.6427143239956301,0.6428780563935813,0.710785768763012,,,,
sleep_efficiency_binary,lstm,,10m,2,test,10.0,20.0,2021,4042,0.6296387926768926,0.570311823634902,0.5619385524037304,0.6311210397213118,0.6338446313706086,0.5693345082761322,0.5571604543462554,0.6475769381402923,0.640771895101435,0.6117190237668254,0.6132638537449393,0.6475769381402923,,,,
sleep_efficiency_binary,lstm,,10m,20,test,10.0,200.0,2021,40420,0.6457199406234537,0.6159735019479314,0.6176932711113744,0.6705103863912767,0.6773874319643741,0.6446756539484262,0.6476638772663877,0.711196998742605,0.6630380999505195,0.6443324469729763,0.6446275486135372,0.711196998742605,,,,
sleep_efficiency_binary,lstm,,10m,25,test,10.0,250.0,2021,50525,0.646848095002474,0.6175977160761033,0.6193231101543148,0.6708187141590914,0.6759030183077684,0.6448565333003524,0.647680475410652,0.7120575928101746,0.669470559129144,0.6472672273411251,0.6485576062010854,0.7120575928101746,,,,
sleep_efficiency_binary,lstm,,10m,3,test,10.0,30.0,2021,6063,0.6411017648029028,0.5951001106232694,0.5945197557582543,0.6477136712496308,0.6556160316674914,0.6071212870776905,0.6066589263303424,0.6757601055387217,0.657100445324097,0.6094969389648135,0.6094391948700574,0.6757601055387217,,,,
sleep_efficiency_binary,lstm,,10m,30,test,10.0,300.0,2021,60612,0.6468191117270508,0.6176734785303674,0.6193913808147291,0.6712556608960902,0.6813458683819891,0.6500036072805228,0.6530668167928024,0.7122003380537175,0.6650173181593271,0.6457181580194999,0.646207352186353,0.7122003380537175,,,,
sleep_efficiency_binary,lstm,,10m,4,test,10.0,40.0,2021,8084,0.6399059871350816,0.6010754849215674,0.6021280568965175,0.654892535248284,0.6650173181593271,0.6245686723146373,0.6266330507783111,0.6857254756457032,0.6566056407718951,0.6395383711582463,0.6392734720919132,0.6857254756457032,,,,
sleep_efficiency_binary,lstm,,10m,40,test,10.0,400.0,2021,80656,0.646498710573299,0.617482758638074,0.6191817540376541,0.6719487595399734,0.6798614547253835,0.649487250839981,0.652405473206166,0.7129511677282379,0.6640277090549233,0.6430498010842455,0.6439428122326669,0.7129511677282379,,,,
sleep_efficiency_binary,lstm,,10m,5,test,10.0,50.0,2021,10105,0.6466105888174172,0.6109610825964175,0.6126518092016935,0.6630086986993177,0.6759030183077684,0.6385814111681405,0.6415080032443572,0.6983607486653063,0.6714497773379515,0.639356461154742,0.6420719086738504,0.6983607486653063,,,,
sleep_efficiency_binary,lstm,,10m,50,test,10.0,500.0,2021,98979,0.6472079936148072,0.6176914261556932,0.61941859681418,0.6723905327357206,0.6803562592775854,0.6498917815843176,0.6528377846559665,0.7127986312947046,0.6620484908461158,0.6407344423144312,0.6416663875993383,0.7127986312947046,,,,
sleep_efficiency_binary,lstm,,10m,6,test,10.0,60.0,2021,12126,0.6401946231238661,0.6064051560062939,0.6079614526667353,0.6632858145697487,0.6709549727857497,0.6350009275864201,0.6377352255332156,0.6976325933255003,0.6590796635329045,0.6420258487415744,0.6417906493058816,0.6976325933255003,,,,
sleep_efficiency_binary,lstm,,10m,60,test,10.0,600.0,2021,108431,0.6513912073115622,0.6172096645205696,0.6192386782024353,0.6730261301137619,0.6793666501731815,0.6493151320264672,0.6521825042706713,0.7129728114113743,0.6635329045027214,0.6421804464782636,0.6431509325001974,0.7129728114113743,,,,
sleep_efficiency_binary,lstm,,10m,8,test,10.0,80.0,2021,16168,0.640524492825334,0.6078562704842001,0.6094585748632613,0.6639240786619052,0.6734289955467591,0.6391152886855069,0.6419782909781944,0.7018386824150228,0.6546264225630876,0.6372230123884319,0.6370285630771384,0.7018386824150228,,,,
sleep_efficiency_binary,lstm,,10m,80,test,10.0,800.0,2021,114047,0.6573167202995256,0.6180728290427473,0.6204799210202647,0.6755370169688674,0.6798614547253835,0.6501844866324491,0.653030822876524,0.7132861294910642,0.6625432953983177,0.6411389730587678,0.6421013764193155,0.7132861294910642,,,,
sleep_efficiency_binary,lstm,,10m,all,test,10.0,,2021,114996,0.6580837594351108,0.617905628978023,0.6203754463780891,0.6755516712398449,0.6798614547253835,0.6501844866324491,0.653030822876524,0.7132778842784407,0.6625432953983177,0.6411389730587678,0.6421013764193155,0.7132778842784407,,,,
sleep_efficiency_binary,transformer,,30s,1,test,0.5,0.5,2021,2021,0.6046511627906976,0.5826531032919011,0.5828519112776372,0.6225733308597695,0.6046511627906976,0.5826531032919011,0.5828519112776372,0.6225733308597695,0.6046511627906976,0.5826531032919011,0.5828519112776372,0.6225733308597695,,,,
sleep_efficiency_binary,transformer,,30s,10,test,0.5,5.0,2021,20210,0.6050470064324592,0.6106337476552677,0.6000992050890547,0.6479185527590542,0.6091044037605146,0.6271983798157195,0.6077444303585995,0.6819027889431699,0.5942602671944582,0.6176189887246717,0.5938138487903779,0.6819027889431699,,,,
sleep_efficiency_binary,transformer,,30s,100,test,0.5,50.0,2021,202100,0.6076100940128649,0.615064956815699,0.6033321361608637,0.6524119502504485,0.6046511627906976,0.625184486632449,0.603757093166635,0.6905411951435697,0.5982187036120732,0.6220172943334776,0.5978026653490893,0.6905411951435697,,,,
sleep_efficiency_binary,transformer,,30s,12,test,0.5,6.0,2021,24252,0.6086095992083127,0.6143210754505666,0.6036828423485634,0.6501575358094165,0.607125185551707,0.6260450807000185,0.6059364655265562,0.685004019541154,0.5967342899554676,0.6194092305155319,0.5961929067790481,0.685004019541154,,,,
sleep_efficiency_binary,transformer,,30s,120,test,0.5,60.0,2021,242520,0.6067623288800924,0.6142982636956418,0.602519611853851,0.6514673711098629,0.6046511627906976,0.6249520747016264,0.6037193634984663,0.6893873807020798,0.5987135081642752,0.6221894131469915,0.5982586964072163,0.6893873807020798,,,,
sleep_efficiency_binary,transformer,,30s,16,test,0.5,8.0,2021,32336,0.6041872835230084,0.6109476776843321,0.5996857191884283,0.6526486879966452,0.6056407718951015,0.6252963123286541,0.6045936972598116,0.6909385113268608,0.5937654626422563,0.6181441057036259,0.5934306066756398,0.6909385113268608,,,,
sleep_efficiency_binary,transformer,,30s,160,test,0.5,80.0,2021,323360,0.6068313953488372,0.6143658658503907,0.6025876264720487,0.6518587094245356,0.6051459673428996,0.6255890173767855,0.6042342734977295,0.6901047142003175,0.599208312716477,0.6228263558221507,0.5987673384392758,0.6901047142003175,,,,
sleep_efficiency_binary,transformer,,30s,2,test,0.5,1.0,2021,4042,0.5945076694705591,0.5837729062313195,0.5811815495624805,0.617373693649125,0.6016823354774864,0.5974244017067589,0.5922111542150961,0.6257013583987796,0.5888174171202375,0.6075912641972254,0.5877256743072816,0.6257013583987796,,,,
sleep_efficiency_binary,transformer,,30s,20,test,0.5,10.0,2021,40420,0.6074962889658585,0.6142049553727866,0.6029503412938668,0.6507072846453528,0.6086095992083127,0.6272586729330283,0.6073602860900738,0.6876012615175314,0.6011875309252845,0.6253741265227877,0.6007996133780602,0.6876012615175314,,,,
sleep_efficiency_binary,transformer,,30s,200,test,0.5,100.0,2021,404200,0.6072761009401286,0.6148314085915115,0.6030362601167052,0.6517542901516088,0.6051459673428996,0.6258214293076083,0.6042715639335959,0.689926411477336,0.599208312716477,0.6228263558221507,0.5987673384392758,0.689926411477336,,,,
sleep_efficiency_binary,transformer,,30s,25,test,0.5,12.5,2021,50525,0.6060366155368629,0.6125955723208212,0.6014468272546141,0.6513784354709047,0.6026719445818901,0.6228691278626347,0.6017354804621633,0.6881835796590604,0.5967342899554676,0.6184795827922412,0.5960693201612569,0.6881835796590604,,,,
sleep_efficiency_binary,transformer,,30s,250,test,0.5,125.0,2021,505250,0.6073824839188521,0.6150085585307031,0.6031667749789953,0.6518580144621029,0.6061355764473033,0.6263980788654587,0.6051881884043744,0.6902304536928247,0.5987135081642752,0.6226542370086368,0.5983106820624237,0.6902304536928247,,,,
sleep_efficiency_binary,transformer,,30s,3,test,0.5,1.5,2021,6063,0.598878443015009,0.5960617085454758,0.5901861797629147,0.6311988539154453,0.6105888174171202,0.6186506709541773,0.6065004867633761,0.6511110424010059,0.6095992083127165,0.6145878424339868,0.6043858793827348,0.6511110424010059,,,,
sleep_efficiency_binary,transformer,,30s,30,test,0.5,15.0,2021,60630,0.606415965693551,0.6136742213427329,0.602077178618267,0.6511226647152997,0.607125185551707,0.6272071403541318,0.606141513509268,0.6889225568404345,0.5972290945076695,0.6209758209139817,0.5968120315198999,0.6889225568404345,,,,
sleep_efficiency_binary,transformer,,30s,320,test,0.5,160.0,2021,646720,0.6073942355269668,0.61485579735071,0.6031203129487902,0.6520591338355828,0.6046511627906976,0.625184486632449,0.603757093166635,0.6903891740358254,0.5987135081642752,0.6224218250778142,0.5982850847470089,0.6903891740358254,,,,
sleep_efficiency_binary,transformer,,30s,4,test,0.5,2.0,2021,8084,0.6008164275111331,0.602468668192031,0.5942681453638867,0.6378402438521633,0.6130628401781296,0.6271808587388947,0.6107733788853162,0.662579102508606,0.5898070262246413,0.6135133881639973,0.5894206166401632,0.662579102508606,,,,
sleep_efficiency_binary,transformer,,30s,40,test,0.5,20.0,2021,80840,0.6076942107867392,0.6146049898996145,0.6032204153031523,0.6505082832179003,0.6081147946561108,0.6284810257044503,0.6071721673571162,0.6879403458866695,0.595249876298862,0.6193576979366355,0.5948808053480759,0.6879403458866695,,,,
sleep_efficiency_binary,transformer,,30s,400,test,0.5,200.0,2021,808400,0.6074319643740722,0.6149762666707892,0.6031870350152663,0.6521101299168522,0.6046511627906976,0.625184486632449,0.603757093166635,0.6906128254282358,0.5977238990598713,0.6218451755199637,0.5973449473202084,0.6906128254282358,,,,
sleep_efficiency_binary,transformer,,30s,5,test,0.5,2.5,2021,10105,0.6013854527461653,0.6040610764125081,0.5952813170372548,0.6426351905674769,0.6115784265215239,0.6271293261599984,0.6096513598851654,0.6720703728897409,0.6051459673428996,0.6202435429678643,0.6031591597621255,0.6720703728897409,,,,
sleep_efficiency_binary,transformer,,30s,50,test,0.5,25.0,2021,101050,0.6077882236516576,0.6147899222888711,0.6033466421769665,0.6517324207944263,0.6051459673428996,0.6255890173767855,0.6042342734977295,0.6895069362851194,0.6001979218208807,0.6236354173108238,0.5997313514785474,0.6895069362851194,,,,
sleep_efficiency_binary,transformer,,30s,500,test,0.5,250.0,2021,1010500,0.607404255319149,0.6149636066621318,0.603164854447251,0.6520708904128789,0.6051459673428996,0.6255890173767855,0.6042342734977295,0.6904123636963289,0.6006927263730827,0.6245047719168058,0.6002664160182938,0.6904123636963289,,,,
sleep_efficiency_binary,transformer,,30s,6,test,0.5,3.0,2021,12126,0.6025070097311562,0.6074338321686971,0.5973218782402607,0.6453971243675807,0.6095992083127165,0.6271380866984106,0.6081239793416915,0.6775524086327377,0.5883226125680356,0.6139266794467462,0.5881184083150761,0.6775524086327377,,,,
sleep_efficiency_binary,transformer,,30s,60,test,0.5,30.0,2021,121260,0.6075622629061521,0.6145455341867128,0.6031157404151932,0.652181958816308,0.6036615536862939,0.6241430132129532,0.6027652460907067,0.6901799517655062,0.599208312716477,0.6228263558221507,0.5987673384392758,0.6901799517655062,,,,
sleep_efficiency_binary,transformer,,30s,8,test,0.5,4.0,2021,16168,0.6013730826323602,0.6067004591552779,0.5963533544578521,0.6437550485823388,0.607125185551707,0.6248830210459052,0.6057118285910856,0.6749938160905324,0.5942602671944582,0.6169217529322037,0.5937302040247976,0.6749938160905324,,,,
sleep_efficiency_binary,transformer,,30s,80,test,0.5,40.0,2021,161680,0.6078426521523999,0.6150401052295261,0.60347112734344,0.6513335686922836,0.6066303809995052,0.627035021540618,0.6057032465347694,0.6889843959351102,0.6001979218208807,0.6243326531032919,0.5998090416990975,0.6889843959351102,,,,
sleep_efficiency_binary,transformer,,30s,all,test,0.5,,2021,2319775,0.6185496438232156,0.6194182965973649,0.6089409297465005,0.6564275743891026,0.6046511627906976,0.625184486632449,0.603757093166635,0.690594273699833,0.5997031172686789,0.62346329849731,0.5992757503826514,0.690594273699833,,,,
sleep_efficiency_binary,transformer,,10m,1,test,10.0,10.0,2021,2021,0.6229589312221673,0.5615968915548409,0.551014589091418,0.6283192134067157,0.6229589312221673,0.5615968915548409,0.551014589091418,0.6283192134067157,0.6229589312221673,0.5615968915548409,0.551014589091418,0.6283192134067157,,,,
sleep_efficiency_binary,transformer,,10m,10,test,10.0,100.0,2021,20210,0.6461157842652152,0.6141124543936677,0.6159047198703895,0.6698384092923546,0.6699653636813458,0.6325649825819883,0.6351872023902151,0.7030296003133182,0.6541316180108857,0.6310081833735288,0.6321536400457765,0.7030296003133182,,,,
sleep_efficiency_binary,transformer,,10m,100,test,10.0,1000.0,2021,114856,0.6600525875879362,0.6171934412010543,0.6198116704004449,0.6772136075391891,0.6704601682335477,0.635061220703729,0.6377855495921412,0.7105950982210953,0.6600692726373083,0.6340032568589862,0.6357705504023261,0.7105950982210953,,,,
sleep_efficiency_binary,transformer,,10m,12,test,10.0,120.0,2021,24252,0.6460498103249217,0.6142521935701084,0.6160409743646402,0.670687821792326,0.6724393864423552,0.6350524601653165,0.6377995005706836,0.7062354420464617,0.6561108362196932,0.6335559540741658,0.6346330879596789,0.7062354420464617,,,,
sleep_efficiency_binary,transformer,,10m,120,test,10.0,1200.0,2021,114995,0.6601939214748467,0.6171911261888421,0.6198185750121004,0.6773157108543215,0.6704601682335477,0.635061220703729,0.6377855495921412,0.7106136499494982,0.6600692726373083,0.6340032568589862,0.6357705504023261,0.7106136499494982,,,,
sleep_efficiency_binary,transformer,,10m,16,test,10.0,160.0,2021,32336,0.6475136071251856,0.6160251182672686,0.6178578434026849,0.6723402868496589,0.6679861454725383,0.6314116834662874,0.6339820539084504,0.7081730670129656,0.661058881741712,0.6373688495867087,0.6387716223384754,0.7081730670129656,,,,
sleep_efficiency_binary,transformer,,10m,2,test,10.0,20.0,2021,4042,0.6286491835724889,0.5828664481685322,0.5816334854737076,0.6331730670129656,0.6427511133102425,0.5931173087625997,0.5913114449219572,0.6496031991424979,0.6264225630875804,0.6106785809989075,0.6097275071315904,0.6496031991424979,,,,
sleep_efficiency_binary,transformer,,10m,20,test,10.0,200.0,2021,40420,0.6479465611083622,0.6168526219776143,0.6186908697536729,0.6729751870632614,0.6724393864423552,0.6369117556118978,0.6397252232359245,0.709007894791087,0.6551212271152894,0.6297255374847979,0.6312705075198057,0.709007894791087,,,,
sleep_efficiency_binary,transformer,,10m,25,test,10.0,250.0,2021,50525,0.6488471053933696,0.6180048852884794,0.61986456946046,0.6729953521736441,0.6699653636813458,0.634191866097747,0.6368849197851167,0.7093026611423742,0.6635329045027214,0.6370673840001648,0.6389850348542259,0.7093026611423742,,,,
sleep_efficiency_binary,transformer,,10m,3,test,10.0,30.0,2021,6063,0.6415965693551048,0.6028643525103237,0.6040071180078355,0.6522920545924689,0.65264720435428,0.6077154577123658,0.6081559265110421,0.6773730752581781,0.6496783770410688,0.6097040999319769,0.6110368089353984,0.6773730752581781,,,,
sleep_efficiency_binary,transformer,,10m,30,test,10.0,300.0,2021,60612,0.6495578433313536,0.6188118947002684,0.6206909196435246,0.6730919860221694,0.6734289955467591,0.6374884051697483,0.6403402619589977,0.7093789293591408,0.6630380999505195,0.6380573248407644,0.6397348861133252,0.7093789293591408,,,,
sleep_efficiency_binary,transformer,,10m,4,test,10.0,40.0,2021,8084,0.6415141019297378,0.6067479335435862,0.6083007215881561,0.6582341975346815,0.6620484908461158,0.6221414878486179,0.6241179518865271,0.6852472533135447,0.6531420089064819,0.6343825366396636,0.6345365219443804,0.6852472533135447,,,,
sleep_efficiency_binary,transformer,,10m,40,test,10.0,400.0,2021,80656,0.6483708589565562,0.617742030097211,0.6195792240060312,0.6733213779057827,0.6699653636813458,0.634191866097747,0.6368849197851167,0.7094036649970111,0.657100445324097,0.6313436604621442,0.6329900262491952,0.7094036649970111,,,,
sleep_efficiency_binary,transformer,,10m,5,test,10.0,50.0,2021,10105,0.6484908461157842,0.6152872425947684,0.6171545991033645,0.6667307525817823,0.6724393864423552,0.6350524601653165,0.6377995005706836,0.6970533671387051,0.6635329045027214,0.6317219095912436,0.6341216662335947,0.6970533671387051,,,,
sleep_efficiency_binary,transformer,,10m,50,test,10.0,500.0,2021,98979,0.6491882116408532,0.617714856765427,0.619606147874567,0.6740375565583268,0.6689757545769421,0.6338476284707192,0.6365093255368485,0.7098406612660524,0.6580900544285008,0.63238513388164,0.6340492180926318,0.7098406612660524,,,,
sleep_efficiency_binary,transformer,,10m,6,test,10.0,60.0,2021,12126,0.6434933201385453,0.6108838524381781,0.6125860012335742,0.6667126594933317,0.6595744680851063,0.6212808937810483,0.6233187549575869,0.6977181374064684,0.6476991588322613,0.6271437552820893,0.6276466691508301,0.6977181374064684,,,,
sleep_efficiency_binary,transformer,,10m,60,test,10.0,600.0,2021,108431,0.6535953740166558,0.6168532724041034,0.6190554646956475,0.6747960900030376,0.6704601682335477,0.635061220703729,0.6377855495921412,0.7103755694349968,0.6605640771895102,0.6344077876033228,0.6362009933580204,0.7103755694349968,,,,
sleep_efficiency_binary,transformer,,10m,8,test,10.0,80.0,2021,16168,0.642380009896091,0.6107677323603983,0.6124369708378224,0.6666953558195742,0.6684809500247402,0.631816214210624,0.6344058673474897,0.700241172469235,0.6452251360712519,0.6241914538371158,0.6247577141108078,0.700241172469235,,,,
sleep_efficiency_binary,transformer,,10m,80,test,10.0,800.0,2021,114047,0.6594474208001964,0.6173780588140827,0.6199550963209695,0.6772934548526437,0.6704601682335477,0.635061220703729,0.6377855495921412,0.7105816997505823,0.6600692726373083,0.6340032568589862,0.6357705504023261,0.7105816997505823,,,,
sleep_efficiency_binary,transformer,,10m,all,test,10.0,,2021,114996,0.6601881804584507,0.6171858300474152,0.6198129375027617,0.6773061770395844,0.6704601682335477,0.635061220703729,0.6377855495921412,0.7106105579947644,0.6600692726373083,0.6340032568589862,0.6357705504023261,0.7106105579947644,,,,
