task,head,run_tag,context_length,epoch,is_best_epoch,is_overfit_epoch,train_loss,val_loss,train_bal_acc,val_bal_acc,val_auroc,num_classes,n_train,n_val,n_test,n_epochs_run,n_overfit_epochs,training_time_min,batch_size,seq_len,steps_per_epoch,windows_per_subject_train,n_trainable_params,input_dim,hidden_dim,save_snapshots,snapshot_interval,train_accuracy,train_balanced_accuracy,train_macro_f1,train_auroc,train_recall_class0,train_recall_class1,train_recall_class2,train_recall_class3,train_recall_class4,val_accuracy,val_balanced_accuracy,val_macro_f1,val_recall_class0,val_recall_class1,val_recall_class2,val_recall_class3,val_recall_class4,test_accuracy,test_balanced_accuracy,test_macro_f1,test_auroc,test_recall_class0,test_recall_class1,test_recall_class2,test_recall_class3,test_recall_class4
sex_binary,lstm,,30s,1,False,False,0.6516668578182648,0.6600327922799022,0.617485945727015,0.604332899625339,0.6646923547208854,2,33335,7145,7155,25,,148.49761331876118,32,,,,933634,,,,,,,,,,,,,,,,,,,,,,,,,,,,,,
sex_binary,lstm,,30s,2,False,False,0.6423373011450584,0.6460536937016219,0.6267181855002025,0.6129475552977692,0.6686597247260586,2,33335,7145,7155,25,,148.49761331876118,32,,,,933634,,,,,,,,,,,,,,,,,,,,,,,,,,,,,,
sex_binary,lstm,,30s,3,False,False,0.6402361796501964,0.67378917154188,0.6306537149543225,0.5973899139377028,0.6708082252982396,2,33335,7145,7155,25,,148.49761331876118,32,,,,933634,,,,,,,,,,,,,,,,,,,,,,,,,,,,,,
sex_binary,lstm,,30s,4,False,False,0.6360907001815065,0.6420493511823276,0.6369777777777778,0.6190887037356367,0.6752536407957236,2,33335,7145,7155,25,,148.49761331876118,32,,,,933634,,,,,,,,,,,,,,,,,,,,,,,,,,,,,,
sex_binary,lstm,,30s,5,False,False,0.628915338339576,0.6528134431598736,0.6434096755321543,0.6123195278330799,0.676337492749761,2,33335,7145,7155,25,,148.49761331876118,32,,,,933634,,,,,,,,,,,,,,,,,,,,,,,,,,,,,,
sex_binary,lstm,,30s,6,False,False,0.62482980624371,0.6363343883094628,0.6471387696323299,0.6238423131789751,0.6860542239500871,2,33335,7145,7155,25,,148.49761331876118,32,,,,933634,,,,,,,,,,,,,,,,,,,,,,,,,,,,,,
sex_binary,lstm,,30s,7,False,False,0.624508738045716,0.6391775048471482,0.6518598622924261,0.6146735040993243,0.6896126412816854,2,33335,7145,7155,25,,148.49761331876118,32,,,,933634,,,,,,,,,,,,,,,,,,,,,,,,,,,,,,
sex_binary,lstm,,30s,8,False,False,0.6213696452547482,0.6311515197543685,0.6553150713289231,0.6328034127071217,0.6941056340236083,2,33335,7145,7155,25,,148.49761331876118,32,,,,933634,,,,,,,,,,,,,,,,,,,,,,,,,,,,,,
sex_binary,lstm,,30s,9,False,False,0.6160479634405702,0.6338493706130581,0.660768930291166,0.6348740417927294,0.6936231600068975,2,33335,7145,7155,25,,148.49761331876118,32,,,,933634,,,,,,,,,,,,,,,,,,,,,,,,,,,,,,
sex_binary,lstm,,30s,10,False,False,0.6133205589619429,0.6308828546084917,0.6634836506007831,0.638532081328087,0.6991435312191375,2,33335,7145,7155,25,,148.49761331876118,32,,,,933634,,,,,,,,,,,,,,,,,,,,,,,,,,,,,,
sex_binary,lstm,,30s,11,False,False,0.6097846902595103,0.6283596856265405,0.6657619099050447,0.6406857942342964,0.700329827091596,2,33335,7145,7155,25,,148.49761331876118,32,,,,933634,,,,,,,,,,,,,,,,,,,,,,,,,,,,,,
sex_binary,lstm,,30s,12,False,False,0.6064961440437681,0.6334183815144592,0.6722550380270915,0.6373440218839648,0.6964930005800192,2,33335,7145,7155,25,,148.49761331876118,32,,,,933634,,,,,,,,,,,,,,,,,,,,,,,,,,,,,,
sex_binary,lstm,,30s,13,False,False,0.6025938473149041,0.6437746457823346,0.6743492822105215,0.6290260381558527,0.7045420200341741,2,33335,7145,7155,25,,148.49761331876118,32,,,,933634,,,,,,,,,,,,,,,,,,,,,,,,,,,,,,
sex_binary,lstm,,30s,14,False,False,0.5979412283624901,0.6262348131335974,0.6771426758471717,0.6470266181749776,0.706028123089464,2,33335,7145,7155,25,,148.49761331876118,32,,,,933634,,,,,,,,,,,,,,,,,,,,,,,,,,,,,,
sex_binary,lstm,,30s,15,False,False,0.5965320218167277,0.6334851719016709,0.678554709509023,0.6354691492530294,0.7055798231725477,2,33335,7145,7155,25,,148.49761331876118,32,,,,933634,,,,,,,,,,,,,,,,,,,,,,,,,,,,,,
sex_binary,lstm,,30s,16,False,False,0.5948133318789345,0.6279323628934803,0.6822897979388867,0.6445344954617422,0.7065524525403271,2,33335,7145,7155,25,,148.49761331876118,32,,,,933634,,,,,,,,,,,,,,,,,,,,,,,,,,,,,,
sex_binary,lstm,,30s,17,False,False,0.5928311591815677,0.6356519666395462,0.6846718689527924,0.6385177768023702,0.7053160320421377,2,33335,7145,7155,25,,148.49761331876118,32,,,,933634,,,,,,,,,,,,,,,,,,,,,,,,,,,,,,
sex_binary,lstm,,30s,18,False,False,0.5894390406933291,0.6259481004604182,0.6858864317537465,0.6439983696759731,0.705968475176749,2,33335,7145,7155,25,,148.49761331876118,32,,,,933634,,,,,,,,,,,,,,,,,,,,,,,,,,,,,,
sex_binary,lstm,,30s,19,False,False,0.5876984126156232,0.6244034875515376,0.6859551505332793,0.6445646721324325,0.7077514853192457,2,33335,7145,7155,25,,148.49761331876118,32,,,,933634,,,,,,,,,,,,,,,,,,,,,,,,,,,,,,
sex_binary,lstm,,30s,20,False,False,0.5862410555612527,0.6277268045510839,0.6879659871292921,0.6464254361900581,0.7087929331723911,2,33335,7145,7155,25,,148.49761331876118,32,,,,933634,,,,,,,,,,,,,,,,,,,,,,,,,,,,,,
sex_binary,lstm,,30s,21,False,False,0.5845279064245698,0.6245271831813436,0.6900116736420503,0.6472049348654199,0.7087920709817999,2,33335,7145,7155,25,,148.49761331876118,32,,,,933634,,,,,,,,,,,,,,,,,,,,,,,,,,,,,,
sex_binary,lstm,,30s,22,False,False,0.5828764909547863,0.6243399226807314,0.690652580891949,0.645642214418962,0.7090845103541252,2,33335,7145,7155,25,,148.49761331876118,32,,,,933634,,,,,,,,,,,,,,,,,,,,,,,,,,,,,,
sex_binary,lstm,,30s,23,False,False,0.5825059833654636,0.6243711314808663,0.6902195850771793,0.6450075245724318,0.7091741781756047,2,33335,7145,7155,25,,148.49761331876118,32,,,,933634,,,,,,,,,,,,,,,,,,,,,,,,,,,,,,
sex_binary,lstm,,30s,24,False,False,0.5811856924334227,0.6243388138591535,0.6922886908779983,0.6449126836074055,0.7091640278409179,2,33335,7145,7155,25,,148.49761331876118,32,,,,933634,,,,,,,,,,,,,,,,,,,,,,,,,,,,,,
sex_binary,lstm,,30s,25,True,False,0.5811145536166824,0.6243909521316464,0.69242314927321,0.6460119766111208,0.7092705475694063,2,33335,7145,7155,25,,148.49761331876118,32,,,,933634,,,,,0.6967451627418629,0.6967403627199495,0.6967202709391371,0.7657160757841681,0.6963547995139733,0.6971259259259259,,,,0.6463261021693492,0.6460119766111208,0.6460318672998384,0.6626373626373626,0.6293865905848788,,,,0.63382250174703,0.6342755040832408,0.6334915675747539,0.6899906299129248,0.6419019316493314,0.6266490765171504,,,
sex_binary,lstm,,10m,1,False,False,0.5997650391107487,0.6021263126145717,0.6839114531299222,0.6703030208023075,0.746868994058723,2,33335,7145,7155,25,,427.2185174465179,8,,,,933634,,,,,,,,,,,,,,,,,,,,,,,,,,,,,,
sex_binary,lstm,,10m,2,False,False,0.5837501286378557,0.5808475798205782,0.6944195310742092,0.689690160053926,0.7627965543728739,2,33335,7145,7155,25,,427.2185174465179,8,,,,933634,,,,,,,,,,,,,,,,,,,,,,,,,,,,,,
sex_binary,lstm,,10m,3,False,False,0.5760713389283877,0.6867096353111107,0.699587795328743,0.622217475819473,0.7380668903136807,2,33335,7145,7155,25,,427.2185174465179,8,,,,933634,,,,,,,,,,,,,,,,,,,,,,,,,,,,,,
sex_binary,lstm,,10m,4,False,False,0.5720909837743449,0.5899927010312624,0.7057517573466541,0.6838480349892618,0.7606709410418399,2,33335,7145,7155,25,,427.2185174465179,8,,,,933634,,,,,,,,,,,,,,,,,,,,,,,,,,,,,,
sex_binary,lstm,,10m,5,False,False,0.5666803320594611,0.5854492831263532,0.707634354889519,0.6901800410716246,0.7643815742032576,2,33335,7145,7155,25,,427.2185174465179,8,,,,933634,,,,,,,,,,,,,,,,,,,,,,,,,,,,,,
sex_binary,lstm,,10m,6,False,False,0.5693656769545518,0.5734909428008542,0.7074229692633095,0.6905611685033939,0.7697773588750765,2,33335,7145,7155,25,,427.2185174465179,8,,,,933634,,,,,,,,,,,,,,,,,,,,,,,,,,,,,,
sex_binary,lstm,,10m,7,False,False,0.5629057566801683,0.5800426171825348,0.7105968408262454,0.688139588656707,0.76335972159082,2,33335,7145,7155,25,,427.2185174465179,8,,,,933634,,,,,,,,,,,,,,,,,,,,,,,,,,,,,,
sex_binary,lstm,,10m,8,False,False,0.5595062412671354,0.6381292990323462,0.7155220827145493,0.6389898261510244,0.7440511592544403,2,33335,7145,7155,25,,427.2185174465179,8,,,,933634,,,,,,,,,,,,,,,,,,,,,,,,,,,,,,
sex_binary,lstm,,10m,9,False,False,0.5586011865645204,0.6001223818666873,0.7153281130462175,0.6750821040585663,0.764334702387484,2,33335,7145,7155,25,,427.2185174465179,8,,,,933634,,,,,,,,,,,,,,,,,,,,,,,,,,,,,,
sex_binary,lstm,,10m,10,False,False,0.5600159857581362,0.5693187975816747,0.7158987984339138,0.7002196626483359,0.7742416249941214,2,33335,7145,7155,25,,427.2185174465179,8,,,,933634,,,,,,,,,,,,,,,,,,,,,,,,,,,,,,
sex_binary,lstm,,10m,11,False,False,0.5454931263124745,0.5793024771692371,0.7243191035506953,0.6941427865999905,0.7717411155178631,2,33335,7145,7155,25,,427.2185174465179,8,,,,933634,,,,,,,,,,,,,,,,,,,,,,,,,,,,,,
sex_binary,lstm,,10m,12,False,False,0.5443635301019936,0.5834948807016297,0.7280081184465146,0.6862370867363734,0.7700196736216709,2,33335,7145,7155,25,,427.2185174465179,8,,,,933634,,,,,,,,,,,,,,,,,,,,,,,,,,,,,,
sex_binary,lstm,,10m,13,False,False,0.5460941160996493,0.5688316955526364,0.7225824220332118,0.698777844837046,0.7770542082738945,2,33335,7145,7155,25,,427.2185174465179,8,,,,933634,,,,,,,,,,,,,,,,,,,,,,,,,,,,,,
sex_binary,lstm,,10m,14,False,False,0.5444760056795057,0.5829325906291052,0.7229048467665722,0.6889576899562635,0.773772475741092,2,33335,7145,7155,25,,427.2185174465179,8,,,,933634,,,,,,,,,,,,,,,,,,,,,,,,,,,,,,
sex_binary,lstm,,10m,15,False,False,0.5360470817080856,0.5893113216834939,0.7320161018856037,0.6882665658164945,0.775266495273628,2,33335,7145,7155,25,,427.2185174465179,8,,,,933634,,,,,,,,,,,,,,,,,,,,,,,,,,,,,,
sex_binary,lstm,,10m,16,False,False,0.5315117889264543,0.5661923149484617,0.734166608163449,0.6989134439027449,0.7789622360521077,2,33335,7145,7155,25,,427.2185174465179,8,,,,933634,,,,,,,,,,,,,,,,,,,,,,,,,,,,,,
sex_binary,lstm,,10m,17,False,False,0.5281261061225603,0.5677923964236148,0.7398425633409837,0.6999386668965841,0.7797397360129172,2,33335,7145,7155,25,,427.2185174465179,8,,,,933634,,,,,,,,,,,,,,,,,,,,,,,,,,,,,,
sex_binary,lstm,,10m,18,False,False,0.5253229616507966,0.5688106391878709,0.7388560640835247,0.7035324340424198,0.7837173739242214,2,33335,7145,7155,25,,427.2185174465179,8,,,,933634,,,,,,,,,,,,,,,,,,,,,,,,,,,,,,
sex_binary,lstm,,10m,19,False,False,0.522170908355956,0.5713490174607516,0.7417271589937446,0.7021966264833597,0.7820121176968539,2,33335,7145,7155,25,,427.2185174465179,8,,,,933634,,,,,,,,,,,,,,,,,,,,,,,,,,,,,,
sex_binary,lstm,,10m,20,False,False,0.5177928051554104,0.583357176028239,0.7471760316817425,0.6967718800457745,0.7830273079274506,2,33335,7145,7155,25,,427.2185174465179,8,,,,933634,,,,,,,,,,,,,,,,,,,,,,,,,,,,,,
sex_binary,lstm,,10m,21,False,False,0.5161400194743485,0.5652346987587493,0.7480325457900184,0.7021944710068818,0.7810627282845544,2,33335,7145,7155,25,,427.2185174465179,8,,,,933634,,,,,,,,,,,,,,,,,,,,,,,,,,,,,,
sex_binary,lstm,,10m,22,False,False,0.5125097090946389,0.5654225054030823,0.7482768102245623,0.7056877145678857,0.7837571522628584,2,33335,7145,7155,25,,427.2185174465179,8,,,,933634,,,,,,,,,,,,,,,,,,,,,,,,,,,,,,
sex_binary,lstm,,10m,23,False,False,0.5126460709295764,0.5660151490554516,0.7513167184195131,0.7009000094057155,0.7825946450126194,2,33335,7145,7155,25,,427.2185174465179,8,,,,933634,,,,,,,,,,,,,,,,,,,,,,,,,,,,,,
sex_binary,lstm,,10m,24,False,False,0.5086384791268997,0.5645740907537595,0.7522524188830386,0.7063743318022919,0.7839146588076688,2,33335,7145,7155,25,,427.2185174465179,8,,,,933634,,,,,,,,,,,,,,,,,,,,,,,,,,,,,,
sex_binary,lstm,,10m,25,True,False,0.5072550255703,0.5648748395157661,0.7537296701318572,0.7063745277546989,0.7841596776974809,2,33335,7145,7155,25,,427.2185174465179,8,,,,933634,,,,,0.7593520323983801,0.7593020296116286,0.7593083654583895,0.8356303496692319,0.7552855407047387,0.7633185185185185,,,,0.7062281315605319,0.7063745277546989,0.7062189241112902,0.6986263736263736,0.7141226818830243,,,,0.6948986722571628,0.694276601834028,0.6940806008955656,0.7686683106791549,0.6838038632986627,0.7047493403693932,,,
sex_binary,lstm,,40m,1,False,False,0.5820952597808847,0.6002493950559844,0.6978127357004635,0.6845454296060574,0.7597555297769277,2,33335,7145,7155,25,,647.0982293645541,2,,,,933634,,,,,,,,,,,,,,,,,,,,,,,,,,,,,,
sex_binary,lstm,,40m,2,False,False,0.567782157873482,0.5884797118025447,0.7123352684397641,0.6780562696932169,0.7780591305983604,2,33335,7145,7155,25,,647.0982293645541,2,,,,933634,,,,,,,,,,,,,,,,,,,,,,,,,,,,,,
sex_binary,lstm,,40m,3,False,False,0.5624005140403954,0.5656470097309438,0.7127627829530624,0.6954145177219357,0.7838418428931981,2,33335,7145,7155,25,,647.0982293645541,2,,,,933634,,,,,,,,,,,,,,,,,,,,,,,,,,,,,,
sex_binary,lstm,,40m,4,False,False,0.554235173026509,0.5645547113577497,0.7189516403402187,0.7063741358498847,0.7822936621153455,2,33335,7145,7155,25,,647.0982293645541,2,,,,933634,,,,,,,,,,,,,,,,,,,,,,,,,,,,,,
sex_binary,lstm,,40m,5,False,False,0.5473985088489323,0.5458789132060998,0.7255237118041492,0.7148226238811117,0.7969407126397141,2,33335,7145,7155,25,,647.0982293645541,2,,,,933634,,,,,,,,,,,,,,,,,,,,,,,,,,,,,,
sex_binary,lstm,,40m,6,False,False,0.5413307990491596,0.5807500311133743,0.7310139147653121,0.6859535436033296,0.7874534808985594,2,33335,7145,7155,25,,647.0982293645541,2,,,,933634,,,,,,,,,,,,,,,,,,,,,,,,,,,,,,
sex_binary,lstm,,40m,7,False,False,0.539880778925088,0.5531519331387326,0.7281547815129832,0.7167829317615337,0.7946085654716182,2,33335,7145,7155,25,,647.0982293645541,2,,,,933634,,,,,,,,,,,,,,,,,,,,,,,,,,,,,,
sex_binary,lstm,,40m,8,False,False,0.5339310222021085,0.5659389552482365,0.7358298546420053,0.7058703422112838,0.7967291624210313,2,33335,7145,7155,25,,647.0982293645541,2,,,,933634,,,,,,,,,,,,,,,,,,,,,,,,,,,,,,
sex_binary,lstm,,40m,9,False,False,0.5269266664575061,0.5450422789127239,0.7406931101210567,0.725474204825132,0.8056533837061655,2,33335,7145,7155,25,,647.0982293645541,2,,,,933634,,,,,,,,,,,,,,,,,,,,,,,,,,,,,,
sex_binary,lstm,,40m,10,False,False,0.5180532750649146,0.5722575240165642,0.7491908374960623,0.6979276073427285,0.8015013481525607,2,33335,7145,7155,25,,647.0982293645541,2,,,,933634,,,,,,,,,,,,,,,,,,,,,,,,,,,,,,
sex_binary,lstm,,40m,11,False,False,0.5188474301853931,0.5457291328517018,0.7456616803924216,0.7135514806163878,0.8056433509429229,2,33335,7145,7155,25,,647.0982293645541,2,,,,933634,,,,,,,,,,,,,,,,,,,,,,,,,,,,,,
sex_binary,lstm,,40m,12,False,False,0.513145205099876,0.5359944615917159,0.749362647945637,0.7270651424182095,0.8115833346396826,2,33335,7145,7155,25,,647.0982293645541,2,,,,933634,,,,,,,,,,,,,,,,,,,,,,,,,,,,,,
sex_binary,lstm,,40m,13,False,False,0.5071015528824951,0.534838083657541,0.7530456865127582,0.7303299054725588,0.8127536799862048,2,33335,7145,7155,25,,647.0982293645541,2,,,,933634,,,,,,,,,,,,,,,,,,,,,,,,,,,,,,
sex_binary,lstm,,40m,14,False,False,0.503215775875009,0.5423901413316448,0.7580232212771703,0.7271644902885988,0.8087669498832124,2,33335,7145,7155,25,,647.0982293645541,2,,,,933634,,,,,,,,,,,,,,,,,,,,,,,,,,,,,,
sex_binary,lstm,,40m,15,False,False,0.498295384277906,0.5473124829386188,0.7611179064848567,0.7264853192456616,0.8151171403489519,2,33335,7145,7155,25,,647.0982293645541,2,,,,933634,,,,,,,,,,,,,,,,,,,,,,,,,,,,,,
sex_binary,lstm,,40m,16,False,False,0.4966291448745937,0.5380960077266329,0.7631025966428153,0.729915662083993,0.8130310702136665,2,33335,7145,7155,25,,647.0982293645541,2,,,,933634,,,,,,,,,,,,,,,,,,,,,,,,,,,,,,
sex_binary,lstm,,40m,17,False,False,0.4873239721215002,0.5405390753679922,0.7684299626479456,0.7281640435171106,0.8133421642551457,2,33335,7145,7155,25,,647.0982293645541,2,,,,933634,,,,,,,,,,,,,,,,,,,,,,,,,,,,,,
sex_binary,lstm,,40m,18,False,False,0.4826107596678767,0.535563199678299,0.7725375275640161,0.7275961734413945,0.8119834302644575,2,33335,7145,7155,25,,647.0982293645541,2,,,,933634,,,,,,,,,,,,,,,,,,,,,,,,,,,,,,
sex_binary,lstm,,40m,19,False,False,0.4804496952287995,0.5409722346418842,0.7716481436479006,0.721217530686147,0.8159049865968553,2,33335,7145,7155,25,,647.0982293645541,2,,,,933634,,,,,,,,,,,,,,,,,,,,,,,,,,,,,,
sex_binary,lstm,,40m,20,False,False,0.4744242370535971,0.5245633199675421,0.7738858107195896,0.7356909673778433,0.8201165524917309,2,33335,7145,7155,25,,647.0982293645541,2,,,,933634,,,,,,,,,,,,,,,,,,,,,,,,,,,,,,
sex_binary,lstm,,40m,21,False,False,0.4716324208062061,0.526376261463046,0.7776925970928401,0.7326582119734759,0.8190597419698703,2,33335,7145,7155,25,,647.0982293645541,2,,,,933634,,,,,,,,,,,,,,,,,,,,,,,,,,,,,,
sex_binary,lstm,,40m,22,True,False,0.466881893730193,0.5254267431336779,0.7797305611808649,0.7370598908936998,0.8204614287281906,2,33335,7145,7155,25,,647.0982293645541,2,,,,933634,,,,,0.7882105894705265,0.7881082849556725,0.7881417252784989,0.8690488114846318,0.7798906439854192,0.7963259259259259,,,,0.7370188943317005,0.7370598908936998,0.7369825414634195,0.7348901098901099,0.7392296718972896,,,,0.7271837875611461,0.7267676728075368,0.726495239100863,0.8082472448415514,0.7197622585438336,0.7337730870712401,,,
sex_binary,lstm,,40m,23,False,False,0.4635498531130889,0.5277273716523649,0.7842302866657667,0.7350515746735433,0.8194958928375476,2,33335,7145,7155,25,,647.0982293645541,2,,,,933634,,,,,,,,,,,,,,,,,,,,,,,,,,,,,,
sex_binary,lstm,,40m,24,False,False,0.46226494506558,0.5264082250434924,0.7831180594932721,0.736282743647223,0.8201634243075042,2,33335,7145,7155,25,,647.0982293645541,2,,,,933634,,,,,,,,,,,,,,,,,,,,,,,,,,,,,,
sex_binary,lstm,,40m,25,False,False,0.4615033932633667,0.526481333814504,0.7847529274110077,0.7365155351068333,0.8204131068646047,2,33335,7145,7155,25,,647.0982293645541,2,,,,933634,,,,,,,,,,,,,,,,,,,,,,,,,,,,,,
sex_binary,transformer,,30s,1,False,False,0.6565951705390194,0.6630771874380412,0.6102592862607443,0.5891736295088649,0.664985773855246,2,33335,7145,7155,25,,196.28823425372443,32,,,,550786,,,,,,,,,,,,,,,,,,,,,,,,,,,,,,
sex_binary,transformer,,30s,2,False,False,0.654168718823504,0.6529943056253389,0.6132474236082985,0.6064642739571413,0.6621229483782979,2,33335,7145,7155,25,,196.28823425372443,32,,,,550786,,,,,,,,,,,,,,,,,,,,,,,,,,,,,,
sex_binary,transformer,,30s,3,False,False,0.6486540210788819,0.6499797793849521,0.6223721074659107,0.6096853396247119,0.6628638836199464,2,33335,7145,7155,25,,196.28823425372443,32,,,,550786,,,,,,,,,,,,,,,,,,,,,,,,,,,,,,
sex_binary,transformer,,30s,4,False,False,0.6457286936832329,0.6560477599386906,0.6272679807389406,0.6082247103823424,0.6678310419965199,2,33335,7145,7155,25,,196.28823425372443,32,,,,550786,,,,,,,,,,,,,,,,,,,,,,,,,,,,,,
sex_binary,transformer,,30s,5,False,False,0.6440540469263167,0.6421196881835489,0.6281292111066108,0.6176560956874795,0.6763703343731875,2,33335,7145,7155,25,,196.28823425372443,32,,,,550786,,,,,,,,,,,,,,,,,,,,,,,,,,,,,,
sex_binary,transformer,,30s,6,False,False,0.6397115177079729,0.6520901334127235,0.628430745691013,0.6114065855684971,0.6760708407142073,2,33335,7145,7155,25,,196.28823425372443,32,,,,550786,,,,,,,,,,,,,,,,,,,,,,,,,,,,,,
sex_binary,transformer,,30s,7,False,False,0.6352469300354763,0.6428589250926291,0.6389674542099816,0.6258894279757332,0.6797719113981596,2,33335,7145,7155,25,,196.28823425372443,32,,,,550786,,,,,,,,,,,,,,,,,,,,,,,,,,,,,,
sex_binary,transformer,,30s,8,False,False,0.635560843238091,0.6365125811542139,0.6397072048962693,0.6240267043940368,0.6851241162546441,2,33335,7145,7155,25,,196.28823425372443,32,,,,550786,,,,,,,,,,,,,,,,,,,,,,,,,,,,,,
sex_binary,transformer,,30s,9,False,False,0.6297128707389522,0.6504087207699423,0.6462098015390847,0.6106084714144628,0.6816712780799798,2,33335,7145,7155,25,,196.28823425372443,32,,,,550786,,,,,,,,,,,,,,,,,,,,,,,,,,,,,,
sex_binary,transformer,,30s,10,False,False,0.6283197721754465,0.6387943038997156,0.6471445119481571,0.6279447727735887,0.6852392970795254,2,33335,7145,7155,25,,196.28823425372443,32,,,,550786,,,,,,,,,,,,,,,,,,,,,,,,,,,,,,
sex_binary,transformer,,30s,11,False,False,0.6248274339395108,0.6368889295112178,0.6522784033121822,0.624491307551222,0.6888424699409008,2,33335,7145,7155,25,,196.28823425372443,32,,,,550786,,,,,,,,,,,,,,,,,,,,,,,,,,,,,,
sex_binary,transformer,,30s,12,False,False,0.624009224904322,0.6540686166144652,0.6524634084874668,0.619504122838645,0.6885196187549967,2,33335,7145,7155,25,,196.28823425372443,32,,,,550786,,,,,,,,,,,,,,,,,,,,,,,,,,,,,,
sex_binary,transformer,,30s,13,False,False,0.6209694271093368,0.6371794777453739,0.657094847216597,0.627510934144315,0.6844436519258204,2,33335,7145,7155,25,,196.28823425372443,32,,,,550786,,,,,,,,,,,,,,,,,,,,,,,,,,,,,,
sex_binary,transformer,,30s,14,False,False,0.6170430579159738,0.6466780125218893,0.6571834930921201,0.6204337210578295,0.6872531391575615,2,33335,7145,7155,25,,196.28823425372443,32,,,,550786,,,,,,,,,,,,,,,,,,,,,,,,,,,,,,
sex_binary,transformer,,30s,15,False,False,0.6155853807774194,0.6329919136346346,0.659147761126862,0.6249200514179116,0.6907366634791741,2,33335,7145,7155,25,,196.28823425372443,32,,,,550786,,,,,,,,,,,,,,,,,,,,,,,,,,,,,,
sex_binary,transformer,,30s,16,False,False,0.6157442052646503,0.6304412294718834,0.6632304216731921,0.6335282406609083,0.695004624476807,2,33335,7145,7155,25,,196.28823425372443,32,,,,550786,,,,,,,,,,,,,,,,,,,,,,,,,,,,,,
sex_binary,transformer,,30s,17,False,False,0.6121531475291218,0.6335434219068042,0.664804293236128,0.628323156871659,0.6916482340769075,2,33335,7145,7155,25,,196.28823425372443,32,,,,550786,,,,,,,,,,,,,,,,,,,,,,,,,,,,,,
sex_binary,transformer,,30s,18,False,False,0.6096501985410888,0.6339589269199598,0.6658186850276765,0.6301570754495148,0.6930969494129267,2,33335,7145,7155,25,,196.28823425372443,32,,,,550786,,,,,,,,,,,,,,,,,,,,,,,,,,,,,,
sex_binary,transformer,,30s,19,False,False,0.6080652444763521,0.6347945744378989,0.6672660546330048,0.6330640294085372,0.6951808248812529,2,33335,7145,7155,25,,196.28823425372443,32,,,,550786,,,,,,,,,,,,,,,,,,,,,,,,,,,,,,
sex_binary,transformer,,30s,20,False,False,0.6068303813511631,0.6329015059351003,0.6685346474056073,0.6368412080073992,0.6956631029455567,2,33335,7145,7155,25,,196.28823425372443,32,,,,550786,,,,,,,,,,,,,,,,,,,,,,,,,,,,,,
sex_binary,transformer,,30s,21,False,False,0.6052323677987911,0.6355717326812264,0.6697559425768418,0.634712772961703,0.6961663087269364,2,33335,7145,7155,25,,196.28823425372443,32,,,,550786,,,,,,,,,,,,,,,,,,,,,,,,,,,,,,
sex_binary,transformer,,30s,22,False,False,0.6037188141934604,0.6320822000336697,0.671398019891094,0.6353768556692951,0.6966610493643304,2,33335,7145,7155,25,,196.28823425372443,32,,,,550786,,,,,,,,,,,,,,,,,,,,,,,,,,,,,,
sex_binary,transformer,,30s,23,False,False,0.6038065234027346,0.6315508975275251,0.6710773322532739,0.6327718643695819,0.6966216629305073,2,33335,7145,7155,25,,196.28823425372443,32,,,,550786,,,,,,,,,,,,,,,,,,,,,,,,,,,,,,
sex_binary,transformer,,30s,24,True,False,0.6021448019671265,0.6323413251245498,0.672762989964448,0.6351287799219325,0.6968839256321424,2,33335,7145,7155,25,,196.28823425372443,32,,,,550786,,,,,0.6732563371831408,0.67304955672562,0.673052178652378,0.7432289815939876,0.6564398541919806,0.6896592592592593,,,,0.6351294611616515,0.6351287799219325,0.6350765930063476,0.6351648351648351,0.63509272467903,,,,0.6279524807826694,0.6272183387110053,0.6270343463617138,0.6750250326384832,0.6148588410104012,0.6395778364116095,,,
sex_binary,transformer,,30s,25,False,False,0.6015073215709341,0.6320607715674094,0.6723225057378156,0.6345315169851546,0.6967703124265179,2,33335,7145,7155,25,,196.28823425372443,32,,,,550786,,,,,,,,,,,,,,,,,,,,,,,,,,,,,,
sex_binary,transformer,,10m,1,False,False,0.6062909134723569,0.6171603178419043,0.6725428558570721,0.658868218087191,0.7392886143813391,2,33335,7145,7155,25,,96.55856085618338,4,,,,550786,,,,,,,,,,,,,,,,,,,,,,,,,,,,,,
sex_binary,transformer,,10m,2,False,False,0.5989588127599603,0.6478389359233762,0.6790658746231042,0.6373692997444781,0.7372681491119437,2,33335,7145,7155,25,,96.55856085618338,4,,,,550786,,,,,,,,,,,,,,,,,,,,,,,,,,,,,,
sex_binary,transformer,,10m,3,False,False,0.5958285389227526,0.5968922042321124,0.6802465685612709,0.6738748412785502,0.7461677195842674,2,33335,7145,7155,25,,96.55856085618338,4,,,,550786,,,,,,,,,,,,,,,,,,,,,,,,,,,,,,
sex_binary,transformer,,10m,4,False,False,0.5922877941842163,0.5999108330823059,0.6834388551370325,0.6730183333072064,0.7465389318242385,2,33335,7145,7155,25,,96.55856085618338,4,,,,550786,,,,,,,,,,,,,,,,,,,,,,,,,,,,,,
sex_binary,transformer,,10m,5,False,False,0.5862744071196362,0.5987601777821508,0.688131560235813,0.6753736812403004,0.7465385007289429,2,33335,7145,7155,25,,96.55856085618338,4,,,,550786,,,,,,,,,,,,,,,,,,,,,,,,,,,,,,
sex_binary,transformer,,10m,6,False,False,0.5865918574969557,0.6016142938001912,0.6904439134152378,0.6710147199448198,0.752959312442194,2,33335,7145,7155,25,,96.55856085618338,4,,,,550786,,,,,,,,,,,,,,,,,,,,,,,,,,,,,,
sex_binary,transformer,,10m,7,False,False,0.5833336016482564,0.5972172411631838,0.6909919445569506,0.6745497013685315,0.7501699691179007,2,33335,7145,7155,25,,96.55856085618338,4,,,,550786,,,,,,,,,,,,,,,,,,,,,,,,,,,,,,
sex_binary,transformer,,10m,8,False,False,0.5805886790509505,0.6454125881361912,0.6964527699023446,0.6463033578404478,0.7483558417331599,2,33335,7145,7155,25,,96.55856085618338,4,,,,550786,,,,,,,,,,,,,,,,,,,,,,,,,,,,,,
sex_binary,transformer,,10m,9,False,False,0.5779489541985346,0.588568069096042,0.6943856622114216,0.6841788026524118,0.7543306657678983,2,33335,7145,7155,25,,96.55856085618338,4,,,,550786,,,,,,,,,,,,,,,,,,,,,,,,,,,,,,
sex_binary,transformer,,10m,10,False,False,0.5713591730544794,0.6384427445993464,0.706391413527744,0.6587079290182001,0.7545664357040962,2,33335,7145,7155,25,,96.55856085618338,4,,,,550786,,,,,,,,,,,,,,,,,,,,,,,,,,,,,,
sex_binary,transformer,,10m,11,False,False,0.5705634461897137,0.5915187366781242,0.7051768417262949,0.6845562069884465,0.7601528036870405,2,33335,7145,7155,25,,96.55856085618338,4,,,,550786,,,,,,,,,,,,,,,,,,,,,,,,,,,,,,
sex_binary,transformer,,10m,12,False,False,0.5709996215019052,0.5793163512181034,0.7049495072228973,0.6943695035349815,0.7649619460425452,2,33335,7145,7155,25,,96.55856085618338,4,,,,550786,,,,,,,,,,,,,,,,,,,,,,,,,,,,,,
sex_binary,transformer,,10m,13,False,False,0.5621272405066089,0.5831809719285405,0.7140094685207686,0.6866448636955056,0.7629223166277375,2,33335,7145,7155,25,,96.55856085618338,4,,,,550786,,,,,,,,,,,,,,,,,,,,,,,,,,,,,,
sex_binary,transformer,,10m,14,False,False,0.5597476837348326,0.5800772378647385,0.7145091850051752,0.6922528256337102,0.7667061184179587,2,33335,7145,7155,25,,96.55856085618338,4,,,,550786,,,,,,,,,,,,,,,,,,,,,,,,,,,,,,
sex_binary,transformer,,10m,15,False,False,0.5575117243606683,0.5950336658846173,0.7160494397191846,0.6721923939113668,0.7657559843865122,2,33335,7145,7155,25,,96.55856085618338,4,,,,550786,,,,,,,,,,,,,,,,,,,,,,,,,,,,,,
sex_binary,transformer,,10m,16,False,False,0.554220804076592,0.5762721444423421,0.7165929796138788,0.6947071295323792,0.7708813155460802,2,33335,7145,7155,25,,96.55856085618338,4,,,,550786,,,,,,,,,,,,,,,,,,,,,,,,,,,,,,
sex_binary,transformer,,10m,17,False,False,0.5501800907939758,0.5759087343558804,0.720005625309392,0.6950002743333699,0.7721203618065243,2,33335,7145,7155,25,,96.55856085618338,4,,,,550786,,,,,,,,,,,,,,,,,,,,,,,,,,,,,,
sex_binary,transformer,,10m,18,False,False,0.5486443407832459,0.5719334001345932,0.7230213761756896,0.6961246492451914,0.7738730777068865,2,33335,7145,7155,25,,96.55856085618338,4,,,,550786,,,,,,,,,,,,,,,,,,,,,,,,,,,,,,
sex_binary,transformer,,10m,19,False,False,0.5458575588816535,0.5719935302137077,0.724317366455155,0.6987176874480726,0.7743204762427301,2,33335,7145,7155,25,,96.55856085618338,4,,,,550786,,,,,,,,,,,,,,,,,,,,,,,,,,,,,,
sex_binary,transformer,,10m,20,False,False,0.542971773905582,0.5752633007445312,0.7262923360784843,0.6942791694753179,0.7731113715100877,2,33335,7145,7155,25,,96.55856085618338,4,,,,550786,,,,,,,,,,,,,,,,,,,,,,,,,,,,,,
sex_binary,transformer,,10m,21,False,False,0.5403393586858094,0.5732880983624198,0.7278159038747131,0.694825288833848,0.7751736530231538,2,33335,7145,7155,25,,96.55856085618338,4,,,,550786,,,,,,,,,,,,,,,,,,,,,,,,,,,,,,
sex_binary,transformer,,10m,22,False,False,0.539575916215793,0.5720267874386196,0.7289605058278206,0.7003244971861234,0.7743887068708751,2,33335,7145,7155,25,,96.55856085618338,4,,,,550786,,,,,,,,,,,,,,,,,,,,,,,,,,,,,,
sex_binary,transformer,,10m,23,False,False,0.53738222470281,0.5713319513537485,0.7307069168804284,0.7002980436111677,0.7748332836920568,2,33335,7145,7155,25,,96.55856085618338,4,,,,550786,,,,,,,,,,,,,,,,,,,,,,,,,,,,,,
sex_binary,transformer,,10m,24,True,False,0.5367087865213959,0.5710436868002317,0.731199666981684,0.7001820397861768,0.7753337461397377,2,33335,7145,7155,25,,96.55856085618338,4,,,,550786,,,,,0.7332833358332084,0.7332752351379326,0.7332578249221045,0.8092455695063229,0.7326245443499393,0.7339259259259259,,,,0.7003498950314906,0.7001820397861768,0.700203294155902,0.7090659340659341,0.6912981455064194,,,,0.683717679944095,0.6838724727228532,0.683259937135027,0.7564494034900634,0.6864784546805349,0.6812664907651715,,,
sex_binary,transformer,,10m,25,False,False,0.5363848954255888,0.5711430782565626,0.7322025921425679,0.7004885093508488,0.7753009828972739,2,33335,7145,7155,25,,96.55856085618338,4,,,,550786,,,,,,,,,,,,,,,,,,,,,,,,,,,,,,
sleep_efficiency_binary,lstm,,30s,1,False,False,0.6626406862017126,0.6661413623554872,0.6117761924076348,0.6022000733962714,0.6382520395694623,2,47095,10100,10105,11,,167.7430483619372,32,,,,933634,,,,,,,,,,,,,,,,,,,,,,,,,,,,,,
sleep_efficiency_binary,lstm,,30s,2,False,False,0.6602939666956521,0.6641008619034644,0.6116531841382937,0.6044515645100799,0.6382302223261779,2,47095,10100,10105,11,,167.7430483619372,32,,,,933634,,,,,,,,,,,,,,,,,,,,,,,,,,,,,,
sleep_efficiency_binary,lstm,,30s,3,False,False,0.6598319589110845,0.6767936144016757,0.6119503268660393,0.5916993656465123,0.6382379853933355,2,47095,10100,10105,11,,167.7430483619372,32,,,,933634,,,,,,,,,,,,,,,,,,,,,,,,,,,,,,
sleep_efficiency_binary,lstm,,30s,4,False,False,0.6578041369032361,0.670283829693747,0.6150510705292129,0.6004454185805483,0.6381463207094435,2,47095,10100,10105,11,,167.7430483619372,32,,,,933634,,,,,,,,,,,,,,,,,,,,,,,,,,,,,,
sleep_efficiency_binary,lstm,,30s,5,False,False,0.6567384376016084,0.6697330383971186,0.6174502479432258,0.6036996560053878,0.6343393529029839,2,47095,10100,10105,11,,167.7430483619372,32,,,,933634,,,,,,,,,,,,,,,,,,,,,,,,,,,,,,
sleep_efficiency_binary,lstm,,30s,6,True,False,0.656378492641783,0.6743580440247413,0.618182569827661,0.598983542297626,0.6402645088700604,2,47095,10100,10105,11,,167.7430483619372,32,,,,933634,,,,,0.6303004565240471,0.622327720632079,0.6183252162274125,0.6643191016328888,0.5874483897605285,0.6572070515036295,,,,0.6082178217821782,0.598983542297626,0.5985546049239295,0.5434679334916864,0.6544991511035654,,,,0.6226620484908462,0.6111832910766186,0.6088630151466642,0.6500747016263682,0.5597452229299363,0.662621359223301,,,
sleep_efficiency_binary,lstm,,30s,7,False,False,0.6557056714779936,0.6663248878186292,0.6182464597242945,0.6063251858095164,0.6370305360750739,2,47095,10100,10105,11,,167.7430483619372,32,,,,933634,,,,,,,,,,,,,,,,,,,,,,,,,,,,,,
sleep_efficiency_binary,lstm,,30s,8,False,False,0.6550934281429169,0.674675667781641,0.6190051320284952,0.5928797551306817,0.6385999862886087,2,47095,10100,10105,11,,167.7430483619372,32,,,,933634,,,,,,,,,,,,,,,,,,,,,,,,,,,,,,
sleep_efficiency_binary,lstm,,30s,9,False,False,0.6538806684977285,0.668299434657144,0.6195017653687075,0.6052367433025903,0.6369326004460235,2,47095,10100,10105,11,,167.7430483619372,32,,,,933634,,,,,,,,,,,,,,,,,,,,,,,,,,,,,,
sleep_efficiency_binary,lstm,,30s,10,False,False,0.6531016524031178,0.6711722874877476,0.619874415202884,0.5997316196782663,0.6354759667539087,2,47095,10100,10105,11,,167.7430483619372,32,,,,933634,,,,,,,,,,,,,,,,,,,,,,,,,,,,,,
sleep_efficiency_binary,lstm,,30s,11,False,False,0.6528717112017229,0.6702303101992844,0.6221781954391462,0.6003365340022342,0.6369139690848453,2,47095,10100,10105,11,,167.7430483619372,32,,,,933634,,,,,,,,,,,,,,,,,,,,,,,,,,,,,,
sleep_efficiency_binary,lstm,,10m,1,False,False,0.6489201762390461,0.6593497817469115,0.6151845257243178,0.6143933314244926,0.6539435372970009,2,47095,10100,10105,8,,43.65631838242213,8,,,,933634,,,,,,,,,,,,,,,,,,,,,,,,,,,,,,
sleep_efficiency_binary,lstm,,10m,2,True,False,0.6442120224405138,0.6584463754148766,0.6169660024876622,0.6015489839455739,0.6559484451685493,2,47095,10100,10105,8,,43.65631838242213,8,,,,933634,,,,,0.6558233358105956,0.6272160969429041,0.6290785780599908,0.6824057966546813,0.5020644095788604,0.7523677843069478,,,,0.6286138613861386,0.6014302190999681,0.6009115394451472,0.4380047505938242,0.764855687606112,,,,0.6429490351311232,0.605550471007771,0.6069277956646055,0.660033805371756,0.43796178343949044,0.7731391585760518,,,
sleep_efficiency_binary,lstm,,10m,3,False,False,0.643137815856974,0.6566496014240945,0.6198222329038391,0.6075188834088132,0.6529193165274692,2,47095,10100,10105,8,,43.65631838242213,8,,,,933634,,,,,,,,,,,,,,,,,,,,,,,,,,,,,,
sleep_efficiency_binary,lstm,,10m,4,False,False,0.641370773671387,0.6635696366281792,0.6232916731246365,0.6141939113356911,0.655398235263279,2,47095,10100,10105,8,,43.65631838242213,8,,,,933634,,,,,,,,,,,,,,,,,,,,,,,,,,,,,,
sleep_efficiency_binary,lstm,,10m,5,False,False,0.6405661572631928,0.662420111363477,0.62363164063641,0.6173918917284016,0.6511452842895684,2,47095,10100,10105,8,,43.65631838242213,8,,,,933634,,,,,,,,,,,,,,,,,,,,,,,,,,,,,,
sleep_efficiency_binary,lstm,,10m,6,False,False,0.6409086325199238,0.6579045493295878,0.6237045835839216,0.6035750436546503,0.6531115582996261,2,47095,10100,10105,8,,43.65631838242213,8,,,,933634,,,,,,,,,,,,,,,,,,,,,,,,,,,,,,
sleep_efficiency_binary,lstm,,10m,7,False,False,0.6394531110085073,0.668885769277516,0.6250309625757438,0.5964130596969783,0.6541736265420274,2,47095,10100,10105,8,,43.65631838242213,8,,,,933634,,,,,,,,,,,,,,,,,,,,,,,,,,,,,,
sleep_efficiency_binary,lstm,,10m,8,False,False,0.6391303290764179,0.666638142413432,0.6253337569190665,0.5947559977255221,0.6542062314240893,2,47095,10100,10105,8,,43.65631838242213,8,,,,933634,,,,,,,,,,,,,,,,,,,,,,,,,,,,,,
sleep_efficiency_binary,transformer,,30s,1,True,False,0.6667516488142486,0.6662069595450222,0.6051643159656522,0.6060729365364219,0.6385137053422,2,47095,10100,10105,6,,68.7673369606336,32,,,,550786,,,,,0.6087695084403865,0.6161102299094343,0.6040901465894695,0.6562021837880648,0.64822460776218,0.5839958520566886,,,,0.6045544554455445,0.6060729365364219,0.6012022398966534,0.6152019002375297,0.5969439728353141,,,,0.6014844136566057,0.6041884649475397,0.5953917747158357,0.6426283264279677,0.6163057324840764,0.5920711974110032,,,
sleep_efficiency_binary,transformer,,30s,2,False,False,0.6633866451477369,0.6697458631921522,0.6093334671072643,0.610141791917538,0.63829539176268,2,47095,10100,10105,6,,68.7673369606336,32,,,,550786,,,,,,,,,,,,,,,,,,,,,,,,,,,,,,
sleep_efficiency_binary,transformer,,30s,3,False,False,0.6645608551323269,0.6647369243366884,0.6108781944591523,0.6045386721727313,0.6369429041533418,2,47095,10100,10105,6,,68.7673369606336,32,,,,550786,,,,,,,,,,,,,,,,,,,,,,,,,,,,,,
sleep_efficiency_binary,transformer,,30s,4,False,False,0.6634576695501229,0.6650361329730194,0.6135065857971855,0.6029116542793655,0.6371202247055076,2,47095,10100,10105,6,,68.7673369606336,32,,,,550786,,,,,,,,,,,,,,,,,,,,,,,,,,,,,,
sleep_efficiency_binary,transformer,,30s,5,False,False,0.6618178569735179,0.6687665209675779,0.6128203188710013,0.605070795139715,0.6372286455161734,2,47095,10100,10105,6,,68.7673369606336,32,,,,550786,,,,,,,,,,,,,,,,,,,,,,,,,,,,,,
sleep_efficiency_binary,transformer,,30s,6,False,False,0.6613970151156652,0.6678405733863906,0.6139168179234994,0.5975960704765515,0.6381482564352803,2,47095,10100,10105,6,,68.7673369606336,32,,,,550786,,,,,,,,,,,,,,,,,,,,,,,,,,,,,,
sleep_efficiency_binary,transformer,,10m,1,False,False,0.6462214398433453,0.6533527976510548,0.5992449146639349,0.5982808334912832,0.654703067722175,2,47095,10100,10105,25,,252.50085397958756,4,,,,550786,,,,,,,,,,,,,,,,,,,,,,,,,,,,,,
sleep_efficiency_binary,transformer,,10m,2,False,False,0.6425862928233667,0.6645997905406621,0.6013541042574648,0.6145786368457347,0.654307151297138,2,47095,10100,10105,25,,252.50085397958756,4,,,,550786,,,,,,,,,,,,,,,,,,,,,,,,,,,,,,
sleep_efficiency_binary,transformer,,10m,3,False,False,0.6414505592962146,0.6764498654863622,0.6078752313570661,0.5135127778069033,0.6549510825950018,2,47095,10100,10105,25,,252.50085397958756,4,,,,550786,,,,,,,,,,,,,,,,,,,,,,,,,,,,,,
sleep_efficiency_binary,transformer,,10m,4,False,False,0.6410477859257689,0.6524176333092226,0.6070820071303599,0.6132322991986902,0.6567760486189806,2,47095,10100,10105,25,,252.50085397958756,4,,,,550786,,,,,,,,,,,,,,,,,,,,,,,,,,,,,,
sleep_efficiency_binary,transformer,,10m,5,False,False,0.6395025523886684,0.6531373324842736,0.6063183206823727,0.6070024882142526,0.6532932543987353,2,47095,10100,10105,25,,252.50085397958756,4,,,,550786,,,,,,,,,,,,,,,,,,,,,,,,,,,,,,
sleep_efficiency_binary,transformer,,10m,6,False,False,0.6386454059276779,0.6564886022676336,0.6081586731985642,0.5964310054885893,0.657052696103142,2,47095,10100,10105,25,,252.50085397958756,4,,,,550786,,,,,,,,,,,,,,,,,,,,,,,,,,,,,,
sleep_efficiency_binary,transformer,,10m,7,False,False,0.6390288934116342,0.6533119660261834,0.6151791547866187,0.6090206840371175,0.6567354790316531,2,47095,10100,10105,25,,252.50085397958756,4,,,,550786,,,,,,,,,,,,,,,,,,,,,,,,,,,,,,
sleep_efficiency_binary,transformer,,10m,8,False,False,0.6365145386809413,0.6660124129233974,0.6137227267922448,0.5850289753961181,0.655822925446326,2,47095,10100,10105,25,,252.50085397958756,4,,,,550786,,,,,,,,,,,,,,,,,,,,,,,,,,,,,,
sleep_efficiency_binary,transformer,,10m,9,False,False,0.636402233724749,0.6545044320585705,0.616909928756343,0.5966366763587384,0.6571096387048381,2,47095,10100,10105,25,,252.50085397958756,4,,,,550786,,,,,,,,,,,,,,,,,,,,,,,,,,,,,,
sleep_efficiency_binary,transformer,,10m,10,False,False,0.6354757133126575,0.6528927556713029,0.6142245740808346,0.6163629324633321,0.6579954349132351,2,47095,10100,10105,25,,252.50085397958756,4,,,,550786,,,,,,,,,,,,,,,,,,,,,,,,,,,,,,
sleep_efficiency_binary,transformer,,10m,11,False,False,0.6345635606011384,0.6521343298477702,0.6143844986270094,0.6052310974355666,0.6590449814291302,2,47095,10100,10105,25,,252.50085397958756,4,,,,550786,,,,,,,,,,,,,,,,,,,,,,,,,,,,,,
sleep_efficiency_binary,transformer,,10m,12,False,False,0.6344828367834449,0.6569389457572805,0.6190479758415317,0.5958228649548936,0.6591910077469362,2,47095,10100,10105,25,,252.50085397958756,4,,,,550786,,,,,,,,,,,,,,,,,,,,,,,,,,,,,,
sleep_efficiency_binary,transformer,,10m,13,False,False,0.6326652370303891,0.6579945897465885,0.616604513167075,0.5857072859913941,0.6587128834652718,2,47095,10100,10105,25,,252.50085397958756,4,,,,550786,,,,,,,,,,,,,,,,,,,,,,,,,,,,,,
sleep_efficiency_binary,transformer,,10m,14,False,False,0.6320852227051024,0.6538189071593898,0.6160967859148039,0.609068068992495,0.6594570087389956,2,47095,10100,10105,25,,252.50085397958756,4,,,,550786,,,,,,,,,,,,,,,,,,,,,,,,,,,,,,
sleep_efficiency_binary,transformer,,10m,15,False,False,0.6317802249423409,0.659710385412863,0.619349381067221,0.6032953715988693,0.6568177272159019,2,47095,10100,10105,25,,252.50085397958756,4,,,,550786,,,,,,,,,,,,,,,,,,,,,,,,,,,,,,
sleep_efficiency_binary,transformer,,10m,16,False,False,0.6304146826286227,0.6529172696925626,0.6162747309321959,0.6096108787792023,0.6595464755675104,2,47095,10100,10105,25,,252.50085397958756,4,,,,550786,,,,,,,,,,,,,,,,,,,,,,,,,,,,,,
sleep_efficiency_binary,transformer,,10m,17,False,False,0.630770797025298,0.6545296923122784,0.6195484768277577,0.6011767599982256,0.6600410535187866,2,47095,10100,10105,25,,252.50085397958756,4,,,,550786,,,,,,,,,,,,,,,,,,,,,,,,,,,,,,
sleep_efficiency_binary,transformer,,10m,18,False,False,0.6300289707574157,0.6584904813294363,0.6198838107759184,0.5942295206255621,0.6602479947090161,2,47095,10100,10105,25,,252.50085397958756,4,,,,550786,,,,,,,,,,,,,,,,,,,,,,,,,,,,,,
sleep_efficiency_binary,transformer,,10m,19,False,False,0.6289011080334148,0.6537261315649099,0.6214041572104386,0.6102266815610016,0.659890490343551,2,47095,10100,10105,25,,252.50085397958756,4,,,,550786,,,,,,,,,,,,,,,,,,,,,,,,,,,,,,
sleep_efficiency_binary,transformer,,10m,20,False,False,0.6281569955904325,0.6514912398321794,0.6229129435221876,0.6063987837189326,0.66006107618291,2,47095,10100,10105,25,,252.50085397958756,4,,,,550786,,,,,,,,,,,,,,,,,,,,,,,,,,,,,,
sleep_efficiency_binary,transformer,,10m,21,False,False,0.6283635870794516,0.6574320712715093,0.6254217137544243,0.5954681835229404,0.6597522069290919,2,47095,10100,10105,25,,252.50085397958756,4,,,,550786,,,,,,,,,,,,,,,,,,,,,,,,,,,,,,
sleep_efficiency_binary,transformer,,10m,22,False,False,0.6275472928857788,0.6567409434235922,0.6246630699937367,0.6001445745234283,0.6602543463094177,2,47095,10100,10105,25,,252.50085397958756,4,,,,550786,,,,,,,,,,,,,,,,,,,,,,,,,,,,,,
sleep_efficiency_binary,transformer,,10m,23,True,False,0.6273628169392461,0.6540959524577207,0.623452572907506,0.6029558130250152,0.6604671350047788,2,47095,10100,10105,25,,252.50085397958756,4,,,,550786,,,,,0.657522029939484,0.6275949930491789,0.6296393364616494,0.6859966257761814,0.4966694192127718,0.7585205668855859,,,,0.6292079207920792,0.6029558130250152,0.602740370433196,0.4451306413301663,0.7607809847198642,,,,0.6459178624443345,0.6113243872776369,0.6130515421991053,0.6651298002597242,0.4563057324840764,0.7663430420711974,,,
sleep_efficiency_binary,transformer,,10m,24,False,False,0.6271561241628308,0.6544260224316379,0.6249927523263201,0.6029402868907001,0.6604399340240111,2,47095,10100,10105,25,,252.50085397958756,4,,,,550786,,,,,,,,,,,,,,,,,,,,,,,,,,,,,,
sleep_efficiency_binary,transformer,,10m,25,False,False,0.6273081107768097,0.6548129663668056,0.6253551169813065,0.601924030826434,0.6604087406087051,2,47095,10100,10105,25,,252.50085397958756,4,,,,550786,,,,,,,,,,,,,,,,,,,,,,,,,,,,,,
