task,n_train_points,train_contexts,held_out_context,context_min,actual_auroc,predicted_auroc,error_auroc_points,abs_error_auroc_points,fit_succeeded
sex_binary,4,"30s,10m,40m,80m",120m,120.0,0.9053485523930828,0.8897510161862018,-0.01559753620688098,0.01559753620688098,True
sex_binary,4,"30s,10m,40m,80m",240m,240.0,0.910349287218929,0.8972802535810116,-0.013069033637917449,0.013069033637917449,True
sex_binary,3,"30s,10m,40m",80m,80.0,0.8971596531622006,0.8738422097796531,-0.023317443382547487,0.023317443382547487,True
sex_binary,3,"30s,10m,40m",120m,120.0,0.9053485523930828,0.8772038077808239,-0.02814474461225891,0.02814474461225891,True
sex_binary,3,"30s,10m,40m",240m,240.0,0.910349287218929,0.8829087505591018,-0.027440536659827264,0.027440536659827264,True
sex_binary,2,"30s,10m",40m,40.0,0.871613187674521,0.8596404663758752,-0.011972721298645794,0.011972721298645794,True
sex_binary,2,"30s,10m",80m,80.0,0.8971596531622006,0.8637318765970751,-0.03342777656512552,0.03342777656512552,True
sex_binary,2,"30s,10m",120m,120.0,0.9053485523930828,0.8660868179119767,-0.039261734481106036,0.039261734481106036,True
sex_binary,2,"30s,10m",240m,240.0,0.910349287218929,0.8700481476371404,-0.0403011395817886,0.0403011395817886,True
age_class,4,"30s,10m,40m,80m",120m,120.0,0.9015803688239278,0.8931012244902553,-0.008479144333672473,0.008479144333672473,True
age_class,4,"30s,10m,40m,80m",240m,240.0,0.9050369120977336,0.8982249284398582,-0.006811983657875387,0.006811983657875387,True
age_class,3,"30s,10m,40m",80m,80.0,0.8995110219050554,0.8806847403994358,-0.018826281505619602,0.018826281505619602,True
age_class,3,"30s,10m,40m",120m,120.0,0.9015803688239278,0.8827355541452213,-0.018844814678706467,0.018844814678706467,True
age_class,3,"30s,10m,40m",240m,240.0,0.9050369120977336,0.8862086758045552,-0.018828236293178424,0.018828236293178424,True
age_class,2,"30s,10m",40m,40.0,0.8771457469274351,0.8770333575825913,-0.00011238934484381069,0.00011238934484381069,True
age_class,2,"30s,10m",80m,80.0,0.8995110219050554,0.8804912801204048,-0.0190197417846506,0.0190197417846506,True
age_class,2,"30s,10m",120m,120.0,0.9015803688239278,0.8824872594194805,-0.019093109404447306,0.019093109404447306,True
age_class,2,"30s,10m",240m,240.0,0.9050369120977336,0.8858542932205125,-0.01918261887722117,0.01918261887722117,True
apnea_binary,4,"30s,10m,40m,80m",120m,120.0,0.8568985117278349,0.8450553529210258,-0.011843158806809084,0.011843158806809084,True
apnea_binary,4,"30s,10m,40m,80m",240m,240.0,0.8537516841074302,0.8562766845544488,0.002525000447018644,0.002525000447018644,True
apnea_binary,3,"30s,10m,40m",80m,80.0,0.8467052174382983,0.830541860671322,-0.016163356766976333,0.016163356766976333,True
apnea_binary,3,"30s,10m,40m",120m,120.0,0.8568985117278349,0.8364864892219059,-0.020412022505928995,0.020412022505928995,True
apnea_binary,3,"30s,10m,40m",240m,240.0,0.8537516841074302,0.8465269029190469,-0.007224781188383322,0.007224781188383322,True
apnea_binary,2,"30s,10m",40m,40.0,0.8248689453908313,0.8083970958204243,-0.016471849570407038,0.016471849570407038,True
apnea_binary,2,"30s,10m",80m,80.0,0.8467052174382983,0.8157485297539461,-0.030956687684352224,0.030956687684352224,True
apnea_binary,2,"30s,10m",120m,120.0,0.8568985117278349,0.8198977901252085,-0.03700072160262646,0.03700072160262646,True
apnea_binary,2,"30s,10m",240m,240.0,0.8537516841074302,0.8267426030538583,-0.027009081053571915,0.027009081053571915,True
bmi_binary,4,"30s,10m,40m,80m",120m,120.0,0.7655648565304873,0.7645814098985756,-0.000983446631911744,0.000983446631911744,True
bmi_binary,4,"30s,10m,40m,80m",240m,240.0,0.7769060012247396,0.7669070132559097,-0.00999898796882992,0.00999898796882992,True
bmi_binary,3,"30s,10m,40m",80m,80.0,0.7687825321494182,0.7551750747518883,-0.013607457397529887,0.013607457397529887,True
bmi_binary,3,"30s,10m,40m",120m,120.0,0.7655648565304873,0.7551750747521124,-0.010389781778374907,0.010389781778374907,True
bmi_binary,3,"30s,10m,40m",240m,240.0,0.7769060012247396,0.7551750747521491,-0.02173092647259056,0.02173092647259056,True
bmi_binary,2,"30s,10m",40m,40.0,0.7550916914530662,0.7587653650419881,0.0036736735889218997,0.0036736735889218997,True
bmi_binary,2,"30s,10m",80m,80.0,0.7687825321494182,0.760455768125168,-0.008326764024250144,0.008326764024250144,True
bmi_binary,2,"30s,10m",120m,120.0,0.7655648565304873,0.7614258197734862,-0.004139036757001113,0.004139036757001113,True
bmi_binary,2,"30s,10m",240m,240.0,0.7769060012247396,0.7630527063953599,-0.013853294829379692,0.013853294829379692,True
sleep_efficiency_binary,4,"30s,10m,40m,80m",120m,120.0,0.814608657647943,0.7793098908682271,-0.035298766779715884,0.035298766779715884,True
sleep_efficiency_binary,4,"30s,10m,40m,80m",240m,240.0,0.831392142927164,0.7893811600485288,-0.04201098287863525,0.04201098287863525,True
sleep_efficiency_binary,3,"30s,10m,40m",80m,80.0,0.7955684491716498,0.7520936762283474,-0.043474772943302376,0.043474772943302376,True
sleep_efficiency_binary,3,"30s,10m,40m",120m,120.0,0.814608657647943,0.7560565351359132,-0.05855212251202979,0.05855212251202979,True
sleep_efficiency_binary,3,"30s,10m,40m",240m,240.0,0.831392142927164,0.7627825182947577,-0.06860962463240627,0.06860962463240627,True
sleep_efficiency_binary,2,"30s,10m",40m,40.0,0.7598291868864078,0.7120837362128363,-0.0477454506735715,0.0477454506735715,True
sleep_efficiency_binary,2,"30s,10m",80m,80.0,0.7955684491716498,0.7128495583811987,-0.08271889079045114,0.08271889079045114,True
sleep_efficiency_binary,2,"30s,10m",120m,120.0,0.814608657647943,0.713293368099183,-0.10131528954876001,0.10131528954876001,True
sleep_efficiency_binary,2,"30s,10m",240m,240.0,0.831392142927164,0.7140450133844596,-0.11734712954270443,0.11734712954270443,True
depression_extreme_binary,4,"30s,10m,40m,80m",120m,120.0,0.7540650406504065,0.748424797088551,-0.00564024356185544,0.00564024356185544,True
depression_extreme_binary,4,"30s,10m,40m,80m",240m,240.0,0.7455284552845529,0.7484247970902187,0.002896341805665781,0.002896341805665781,True
depression_extreme_binary,3,"30s,10m,40m",80m,80.0,0.7491869918699187,0.7481707330647781,-0.0010162588051405574,0.0010162588051405574,True
depression_extreme_binary,3,"30s,10m,40m",120m,120.0,0.7540650406504065,0.7481707330647978,-0.005894307585608716,0.005894307585608716,True
depression_extreme_binary,3,"30s,10m,40m",240m,240.0,0.7455284552845529,0.7481707330648315,0.00264227778027859,0.00264227778027859,True
depression_extreme_binary,2,"30s,10m",40m,40.0,0.7497967479674796,0.7473578484095479,-0.0024388995579317507,0.0024388995579317507,True
depression_extreme_binary,2,"30s,10m",80m,80.0,0.7491869918699187,0.7473578784390835,-0.0018291134308351387,0.0018291134308351387,True
depression_extreme_binary,2,"30s,10m",120m,120.0,0.7540650406504065,0.7473578959881444,-0.006707144662262077,0.006707144662262077,True
depression_extreme_binary,2,"30s,10m",240m,240.0,0.7455284552845529,0.7473579259592752,0.0018294706747222778,0.0018294706747222778,True
osa_binary_apples_postqc,4,"30s,10m,40m,80m",120m,120.0,0.855788096795291,0.8738852753082331,0.018097178512942125,0.018097178512942125,True
osa_binary_apples_postqc,4,"30s,10m,40m,80m",240m,240.0,0.8613472858077175,0.8850419226154258,0.023694636807708336,0.023694636807708336,True
osa_binary_apples_postqc,3,"30s,10m,40m",80m,80.0,0.8878351863963374,0.8478861817346399,-0.039949004661697485,0.039949004661697485,True
osa_binary_apples_postqc,3,"30s,10m,40m",120m,120.0,0.855788096795291,0.8527484888529768,-0.003039607942314171,0.003039607942314171,True
osa_binary_apples_postqc,3,"30s,10m,40m",240m,240.0,0.8613472858077175,0.8609768416879658,-0.00037044411975162284,0.00037044411975162284,True
osa_binary_apples_postqc,2,"30s,10m",40m,40.0,0.8525179856115108,0.8099936221875728,-0.04252436342393806,0.04252436342393806,True
osa_binary_apples_postqc,2,"30s,10m",80m,80.0,0.8878351863963374,0.8129905221627509,-0.07484466423358649,0.07484466423358649,True
osa_binary_apples_postqc,2,"30s,10m",120m,120.0,0.855788096795291,0.8147126013844145,-0.04107549541087652,0.04107549541087652,True
osa_binary_apples_postqc,2,"30s,10m",240m,240.0,0.8613472858077175,0.8176045461665261,-0.04374273964119135,0.04374273964119135,True
