task,held_out_context,K,actual,predicted,error
sex_binary,30s,1,0.6953412041346201,0.5836844689211907,-0.11165673521342934
sex_binary,30s,10,0.8267574584823398,0.6616306446394522,-0.16512681384288763
sex_binary,30s,100,0.8315426443932789,0.6710842119741205,-0.16045843241915836
sex_binary,30s,12,0.8268573947974331,0.6632856775047259,-0.16357171729270725
sex_binary,30s,120,0.8312016852006074,0.6712849397774896,-0.15991674542311785
sex_binary,30s,16,0.8279958849752608,0.6653949161370611,-0.16260096883819963
sex_binary,30s,160,0.8316798118845834,0.6715407551430533,-0.16013905674153006
sex_binary,30s,2,0.7405320139127025,0.6253841907344839,-0.11514782317821859
sex_binary,30s,20,0.8310605986381228,0.6666881233979199,-0.16437247524020282
sex_binary,30s,200,0.8311664135599863,0.6716975995527444,-0.1594688140072419
sex_binary,30s,25,0.8283975897712242,0.6677422172214323,-0.1606553725497919
sex_binary,30s,250,0.8318522510165092,0.6718254435020571,-0.16002680751445209
sex_binary,30s,3,0.7895595943761329,0.6399694079004863,-0.1495901864756466
sex_binary,30s,30,0.8281957576054475,0.668457066278042,-0.15973869132740548
sex_binary,30s,320,0.8317229216675648,0.671939523266561,-0.15978339840100375
sex_binary,30s,4,0.8068956057414391,0.6474810092889414,-0.15941459645249778
sex_binary,30s,40,0.8311350609905452,0.6693680978823842,-0.16176696310816108
sex_binary,30s,400,0.8317033263116642,0.6720226356306612,-0.159680690681003
sex_binary,30s,5,0.8153059324939989,0.6520864898198343,-0.16321944267416455
sex_binary,30s,50,0.8306784891980601,0.6699266656364287,-0.16075182356163142
sex_binary,30s,500,0.8318600891588693,0.6720903805562484,-0.15976970860262096
sex_binary,30s,6,0.8136579630627542,0.6552097634215833,-0.15844819964117085
sex_binary,30s,60,0.8303277323274384,0.670305466482354,-0.1600222658450844
sex_binary,30s,8,0.8197775927105275,0.6591901854895595,-0.16058740722096798
sex_binary,30s,80,0.8318032626267575,0.6707882250999933,-0.16101503752676427
sex_binary,10m,1,0.7414921863518346,0.7925645684226467,0.051072382070812106
sex_binary,10m,10,0.8475696859844217,0.8718740170533851,0.024304331068963347
sex_binary,10m,12,0.8498525449468477,0.8738106526995708,0.023958107752723112
sex_binary,10m,16,0.8500818106108853,0.8763291270974458,0.026247316486560535
sex_binary,10m,2,0.7767001420663303,0.8332613584382191,0.05656121637188882
sex_binary,10m,20,0.8499759956890216,0.8779083777085444,0.02793238201952275
sex_binary,10m,25,0.8509244109146131,0.8792209388533839,0.0282965279387708
sex_binary,10m,3,0.8176436584529467,0.8482245096165116,0.030580851163564904
sex_binary,10m,30,0.8515710576593348,0.8801270551696645,0.028555997510329667
sex_binary,10m,4,0.8350364963503649,0.8561714958737405,0.02113499952337561
sex_binary,10m,40,0.8515416646254839,0.8813054031715428,0.02976373854605896
sex_binary,10m,5,0.8399823641796895,0.8611547837378972,0.0211724195582077
sex_binary,10m,50,0.8518649879978445,0.8820443055815189,0.030179317583674425
sex_binary,10m,6,0.8399549306814286,0.8645949575234675,0.02464002684203892
sex_binary,10m,60,0.8512105031107629,0.8825544010787464,0.031343897967983536
sex_binary,10m,8,0.842463136236712,0.8690686899058407,0.026605553669128756
sex_binary,10m,80,0.8511948268260421,0.8832177485972995,0.03202292177125743
sex_binary,40m,1,0.7816959780532013,0.8053900474526158,0.02369406939941443
sex_binary,40m,10,0.8685817861166903,0.8844757915919027,0.01589400547521236
sex_binary,40m,12,0.8718326556606085,0.8858477100810338,0.014015054420425277
sex_binary,40m,16,0.8717307598099251,0.8875470395410511,0.01581627973112598
sex_binary,40m,2,0.822105520991525,0.8500817604443331,0.027976239452808138
sex_binary,40m,20,0.87158575417626,0.888556287303816,0.01697053312755592
sex_binary,40m,3,0.8509577230196443,0.8646438409879875,0.013686117968343181
sex_binary,40m,4,0.858974183118601,0.8718238902125975,0.012849707093996576
sex_binary,40m,5,0.8656718757654437,0.876088189035738,0.010416313270294353
sex_binary,40m,6,0.868901190417871,0.878908215777266,0.010007025359395016
sex_binary,40m,8,0.8688678783128398,0.8824012472932637,0.013533368980423899
sex_binary,80m,1,0.8004193406162738,0.8106017403448679,0.010182399728594027
sex_binary,80m,10,0.8971596531622006,0.8861361747482368,-0.011023478413963783
sex_binary,80m,2,0.8540234164503013,0.8516125080780781,-0.0024109083722232416
sex_binary,80m,3,0.8797903296918631,0.8656940630057489,-0.01409626668611419
sex_binary,80m,4,0.8876265125165337,0.872864276711288,-0.014762235805245716
sex_binary,80m,5,0.8933601136530643,0.8772240577408953,-0.016136055912169045
sex_binary,80m,6,0.895758585215304,0.8801613346270403,-0.015597250588263778
sex_binary,80m,8,0.8969793758879145,0.883876937409999,-0.01310243847791559
sex_binary,120m,1,0.8486141184539265,0.8047713063573824,-0.04384281209654417
sex_binary,120m,2,0.8859236760887669,0.8511552312533106,-0.03476844483545627
sex_binary,120m,3,0.8988135012002156,0.8668077666515892,-0.03200573454862643
sex_binary,120m,4,0.9050075932004116,0.8746933549418507,-0.030314238258560833
sex_binary,120m,5,0.9051976681526476,0.8794508842136626,-0.025746783938984996
sex_binary,120m,6,0.9053426737863126,0.8826364368408187,-0.022706236945493896
sex_binary,240m,1,0.8980865134963014,0.8021284234009496,-0.09595809009535183
sex_binary,240m,2,0.9101964434429042,0.85778082954934,-0.052415613893564195
sex_binary,240m,3,0.910349287218929,0.8750793825828392,-0.03526990463608981
sleep_efficiency_binary,30s,1,0.6532186297888458,0.4029603598273177,-0.2502582699615281
sleep_efficiency_binary,30s,10,0.7043943445138404,0.4893747219454638,-0.21501962256837664
sleep_efficiency_binary,30s,100,0.7073720683496822,0.4956900790559033,-0.21168198929377896
sleep_efficiency_binary,30s,12,0.7011187973844497,0.49064951236355847,-0.21046928502089124
sleep_efficiency_binary,30s,120,0.7065305266330388,0.4957832436240827,-0.21074728300895612
sleep_efficiency_binary,30s,16,0.7066985295165794,0.49219373378839265,-0.21450479572818676
sleep_efficiency_binary,30s,160,0.7069988983083637,0.495896098819867,-0.2111027994884967
sleep_efficiency_binary,30s,2,0.6580062028701001,0.4537731471319588,-0.20423305573814132
sleep_efficiency_binary,30s,20,0.7064959078570368,0.4930882354140569,-0.21340767244297987
sleep_efficiency_binary,30s,200,0.7071007182377821,0.49596147102262905,-0.21113924721515304
sleep_efficiency_binary,30s,25,0.7048515159969291,0.49378241707927223,-0.21106909891765685
sleep_efficiency_binary,30s,250,0.706923551560594,0.49601220338942426,-0.2109113481711698
sleep_efficiency_binary,30s,3,0.6834230027511745,0.46943052492004084,-0.21399247783113368
sleep_efficiency_binary,30s,30,0.7060275361817119,0.49423251201022744,-0.21179502417148444
sleep_efficiency_binary,30s,320,0.7067244935985811,0.49605520179850415,-0.21066929180007699
sleep_efficiency_binary,30s,4,0.6924691943803545,0.4768909387787936,-0.21557825560156085
sleep_efficiency_binary,30s,40,0.705320905871548,0.49477773593545044,-0.21054316993609762
sleep_efficiency_binary,30s,400,0.7070915544441344,0.49608494354350796,-0.21100661090062645
sleep_efficiency_binary,30s,5,0.6917289634934825,0.48121243841444244,-0.21051652507904
sleep_efficiency_binary,30s,50,0.7058228781235809,0.49509356090693424,-0.21072931721664667
sleep_efficiency_binary,30s,500,0.7070253714900124,0.4961080247470305,-0.21091734674298196
sleep_efficiency_binary,30s,6,0.6933682643571191,0.4840144212059739,-0.2093538431511452
sleep_efficiency_binary,30s,60,0.7057770591553426,0.49529833614929075,-0.21047872300605186
sleep_efficiency_binary,30s,8,0.6972827315436104,0.4874086119664964,-0.20987411957711405
sleep_efficiency_binary,30s,80,0.7068889327845919,0.49554639128999,-0.21134254149460185
sleep_efficiency_binary,10m,1,0.6462429464243896,0.6783701073210218,0.032127160896632145
sleep_efficiency_binary,10m,10,0.7074255238126268,0.7566497194542274,0.04922419564160063
sleep_efficiency_binary,10m,100,0.7104953946845924,0.7600974527340383,0.04960205804944584
sleep_efficiency_binary,10m,12,0.7065132172450379,0.7574397546491625,0.05092653740412456
sleep_efficiency_binary,10m,120,0.7105239042648296,0.7601322489033034,0.049608344638473856
sleep_efficiency_binary,10m,16,0.7086646723536492,0.7583495865585033,0.0496849142048541
sleep_efficiency_binary,10m,2,0.6618224138247027,0.7282688675092265,0.06644645368452373
sleep_efficiency_binary,10m,20,0.7084742690856367,0.7588474515511804,0.050373182465543676
sleep_efficiency_binary,10m,25,0.7091142073420316,0.7592153182434295,0.050101110901397905
sleep_efficiency_binary,10m,3,0.6868690982623411,0.7417985236059137,0.05492942534357259
sleep_efficiency_binary,10m,30,0.7095800335191208,0.759443349312012,0.04986331579289116
sleep_efficiency_binary,10m,4,0.6930648409674522,0.7477609598998718,0.054696118932419546
sleep_efficiency_binary,10m,40,0.7106878343511933,0.7597059577930614,0.04901812344186807
sleep_efficiency_binary,10m,5,0.70118701673716,0.751023637622376,0.04983662088521601
sleep_efficiency_binary,10m,50,0.7107509627074328,0.7598496585889472,0.04909869588151439
sleep_efficiency_binary,10m,6,0.699512078898227,0.7530460873390226,0.05353400844079559
sleep_efficiency_binary,10m,60,0.7107031073406059,0.7599387350036714,0.04923562766306544
sleep_efficiency_binary,10m,8,0.7017989545129648,0.7553752105211781,0.05357625600821325
sleep_efficiency_binary,10m,80,0.7105055766775342,0.7600413184898316,0.04953574181229736
sleep_efficiency_binary,40m,1,0.658999965381224,0.7022334994444013,0.043233534063177315
sleep_efficiency_binary,40m,10,0.7608361859883558,0.7655188293771352,0.004682643388779439
sleep_efficiency_binary,40m,12,0.7593852519941433,0.7657082350938397,0.0063229830996963665
sleep_efficiency_binary,40m,16,0.7597222759605183,0.7658958788492762,0.006173602888757901
sleep_efficiency_binary,40m,2,0.693604995693017,0.7503364682369292,0.0567314725439122
sleep_efficiency_binary,40m,20,0.75976402213158,0.7659823673752246,0.0062183452436446185
sleep_efficiency_binary,40m,25,0.7598118774984065,0.7660375216937031,0.006225644195296587
sleep_efficiency_binary,40m,3,0.7274158305553463,0.759158858580815,0.03174302802546869
sleep_efficiency_binary,40m,30,0.7598312232849961,0.766067383191525,0.006236159906528926
sleep_efficiency_binary,40m,4,0.7394916741843715,0.7622288641331095,0.02273718994873808
sleep_efficiency_binary,40m,5,0.74591549353138,0.7636438872669917,0.017728393735611747
sleep_efficiency_binary,40m,6,0.7535275514547014,0.7644100051594078,0.010882453704706418
sleep_efficiency_binary,40m,8,0.7577999156930985,0.7651689961811227,0.0073690804880242045
sleep_efficiency_binary,80m,1,0.6895897665261577,0.7065030289331758,0.01691326240701818
sleep_efficiency_binary,80m,10,0.7954030242133124,0.7687638339023367,-0.026639190310975724
sleep_efficiency_binary,80m,12,0.795453060157501,0.7690119445488565,-0.026441115608644483
sleep_efficiency_binary,80m,2,0.7333758128288077,0.7523006491698586,0.01892483634105091
sleep_efficiency_binary,80m,3,0.7658450560402574,0.7614930117093457,-0.004352044330911742
sleep_efficiency_binary,80m,4,0.7809365094925333,0.7648698897608558,-0.016066619731677556
sleep_efficiency_binary,80m,5,0.7884204571447244,0.7664887278945296,-0.02193172925019482
sleep_efficiency_binary,80m,6,0.7912255334444335,0.767392750463254,-0.023832782981179523
sleep_efficiency_binary,80m,8,0.7951865421690684,0.7683195408173495,-0.026867001351718822
sleep_efficiency_binary,120m,1,0.7161808074371794,0.7058200807015421,-0.01036072673563726
sleep_efficiency_binary,120m,10,0.814608657647943,0.7703755965805376,-0.04423306106740543
sleep_efficiency_binary,120m,2,0.7681334346305917,0.7504545986964962,-0.01767883593409547
sleep_efficiency_binary,120m,3,0.7982489461817469,0.7608133127444108,-0.037435633437336135
sleep_efficiency_binary,120m,4,0.8096693951573375,0.7649670571344248,-0.04470233802291268
sleep_efficiency_binary,120m,5,0.8136038541973007,0.7670891029237753,-0.046514751273525445
sleep_efficiency_binary,120m,6,0.813759067738457,0.7683350873909125,-0.04542398034754447
sleep_efficiency_binary,120m,8,0.8145290085939287,0.7696856350282517,-0.044843373565677025
sleep_efficiency_binary,240m,1,0.7675850815279548,0.7037874661635795,-0.06379761536437534
sleep_efficiency_binary,240m,2,0.8278120200633924,0.7539901716707743,-0.07382184839261807
sleep_efficiency_binary,240m,3,0.8310939695454693,0.7667937932896267,-0.06430017625584261
sleep_efficiency_binary,240m,4,0.8313390435578212,0.7722300701662561,-0.05910897339156507
sleep_efficiency_binary,240m,5,0.831392142927164,0.7751252774190757,-0.05626686550808835
bmi_binary,30s,1,0.6699340062111802,0.6370529672303227,-0.03288103898085748
bmi_binary,30s,10,0.7417822150293062,0.6861095000171211,-0.05567271501218507
bmi_binary,30s,100,0.7468807409675443,0.7007700279213408,-0.04611071304620351
bmi_binary,30s,12,0.7418519267780597,0.6880165383710696,-0.05383538840699009
bmi_binary,30s,120,0.7476762750415538,0.7013399456756996,-0.04633632936585419
bmi_binary,30s,16,0.7444627001137258,0.6906781544572399,-0.05378454565648594
bmi_binary,30s,160,0.745679238474324,0.7021353687250864,-0.04354386974923763
bmi_binary,30s,2,0.6684604912081183,0.658380130115523,-0.010080361092595358
bmi_binary,30s,20,0.7450381637651999,0.6924831152898347,-0.052555048475365185
bmi_binary,30s,200,0.7475928943224565,0.7026747806473941,-0.04491811367506238
bmi_binary,30s,25,0.7462629035080045,0.6940887025084429,-0.052174200999561604
bmi_binary,30s,250,0.7474493701338465,0.703154609833924,-0.04429476029992252
bmi_binary,30s,3,0.7043059990377045,0.6676987907500381,-0.03660720828766639
bmi_binary,30s,30,0.7457530509141808,0.6952679938065454,-0.0504850571076354
bmi_binary,30s,320,0.7465909587962557,0.7036239345019966,-0.04296702429425914
bmi_binary,30s,4,0.7243433426646837,0.6732062883938725,-0.051137054270811166
bmi_binary,30s,40,0.7466757064123875,0.6969139075779236,-0.049761798834463855
bmi_binary,30s,400,0.7470721065523576,0.7039989213945529,-0.04307318515780467
bmi_binary,30s,5,0.7300227998425334,0.6769411687112789,-0.053081631131254525
bmi_binary,30s,50,0.7471090127722858,0.698030075272657,-0.04907893749962877
bmi_binary,30s,500,0.7470598044790482,0.7043324877251687,-0.04272731675387953
bmi_binary,30s,6,0.7372413830810951,0.6796844091947138,-0.05755697388638126
bmi_binary,30s,60,0.7457120440031493,0.6988498917450149,-0.04686215225813439
bmi_binary,30s,8,0.7355259273029482,0.683513096218143,-0.052012831084805144
bmi_binary,30s,80,0.7470953438019421,0.6999940935414902,-0.047101250260451866
bmi_binary,10m,1,0.6785522920129473,0.7093208696954578,0.03076857768251051
bmi_binary,10m,10,0.7521637980054239,0.7555152024103768,0.0033514044049529623
bmi_binary,10m,100,0.7552652873764324,0.768784547406886,0.013519260030453562
bmi_binary,10m,12,0.7525601981453941,0.7572661356273593,0.004705937481965239
bmi_binary,10m,16,0.7545818388592423,0.7597001176833371,0.0051182788240947685
bmi_binary,10m,2,0.6781217194471175,0.7296105961659101,0.05148887671879254
bmi_binary,10m,20,0.7540774538535562,0.7613434364078837,0.0072659825543275325
bmi_binary,10m,25,0.7554689550345552,0.7627996391672544,0.007330684132699106
bmi_binary,10m,3,0.7181895722159042,0.7383905201014825,0.020200947885578358
bmi_binary,10m,30,0.754518961595661,0.7638654739154542,0.009346512319793221
bmi_binary,10m,4,0.7364772876388768,0.7435484671297277,0.0070711794908508985
bmi_binary,10m,40,0.7551860073484384,0.7653470967589725,0.010161089410534063
bmi_binary,10m,5,0.737319296212055,0.7470308884199413,0.0097115922078862
bmi_binary,10m,50,0.7551408997463039,0.7663474240027538,0.011206524256449857
bmi_binary,10m,6,0.7450819044703001,0.7495797680969614,0.004497863626661269
bmi_binary,10m,60,0.7553432005073921,0.767079590954871,0.011736390447478873
bmi_binary,10m,8,0.7480637903508005,0.7531229799890774,0.005059189638276895
bmi_binary,10m,80,0.7551969425247136,0.7680973803292165,0.012900437804502896
bmi_binary,40m,1,0.7137997823899921,0.7127863889621051,-0.0010133934278869772
bmi_binary,40m,10,0.7546829892397866,0.7664756689108689,0.011792679671082329
bmi_binary,40m,12,0.7549440665733531,0.7682806706159259,0.013336604042572753
bmi_binary,40m,16,0.7549727714110751,0.7707432862346134,0.015770514823538306
bmi_binary,40m,2,0.7222082494969819,0.7374912771707167,0.015283027673734795
bmi_binary,40m,20,0.7551053604234099,0.772371904378857,0.017266543955447133
bmi_binary,40m,25,0.7551053604234099,0.7737893978797153,0.018684037456305425
bmi_binary,40m,3,0.7400749606333654,0.7477069515174405,0.007631990884075068
bmi_binary,40m,4,0.7529101237861955,0.7535414457825087,0.0006313219963132166
bmi_binary,40m,5,0.7486276353774821,0.7574000111024347,0.008772375724952597
bmi_binary,40m,6,0.7508912168664159,0.7601783224347545,0.00928710556833856
bmi_binary,40m,8,0.7555646378269617,0.7639688523059334,0.008404214478971661
bmi_binary,80m,1,0.7206390517015133,0.7163684155340374,-0.004270636167475916
bmi_binary,80m,10,0.7686759141807366,0.7666597079004427,-0.002016206280293864
bmi_binary,80m,12,0.7687907335316246,0.7684611306775065,-0.000329602854118094
bmi_binary,80m,2,0.748989863091593,0.738957045729223,-0.010032817362369939
bmi_binary,80m,3,0.7573087984428308,0.748523662269669,-0.00878513617316179
bmi_binary,80m,4,0.7671982984865717,0.7540691343582023,-0.013129164128369397
bmi_binary,80m,5,0.7673951316595224,0.7577766686598071,-0.00961846299971536
bmi_binary,80m,6,0.7685952672557081,0.7604693257726198,-0.008125941483088317
bmi_binary,80m,8,0.768533756889161,0.7641793190288425,-0.004354437860318527
bmi_binary,120m,1,0.7298382687428921,0.7177204593506713,-0.012117809392220846
bmi_binary,120m,2,0.7535429971131135,0.7417185695599552,-0.011824427553158268
bmi_binary,120m,3,0.7628720693727583,0.7516782625951689,-0.01119380677758941
bmi_binary,120m,4,0.7641555856880413,0.7573794469147913,-0.006776138773250007
bmi_binary,120m,5,0.7653106136820926,0.7611561096324848,-0.004154504049607821
bmi_binary,120m,6,0.7655293172075933,0.7638790224962034,-0.001650294711389888
bmi_binary,120m,8,0.7655703241186249,0.7675995466386578,0.002029222520032903
bmi_binary,240m,1,0.7577940468900358,0.7156128323749962,-0.042181214515039644
bmi_binary,240m,2,0.7754967303822937,0.7427781950856476,-0.032718535296646145
bmi_binary,240m,3,0.7769019005336365,0.7536336887526929,-0.023268211780943626
bmi_binary,240m,4,0.7769060012247396,0.7597036115316395,-0.017202389693100173
